/***************************************

--------------- cargaInicial -----------------

Autores: 

Fecha: 11/05/2025

Descripcion: Este script es para la carga de informacion,
contiene los inserts necesarios para cargar los datos

------------------------------------------


******************************************/

use [APPSAFE_TEAM_UNO_DE_TRES]
go

---INSERTS PARA LA TABLA PERSONA.USUARIO

INSERT INTO PERSONA.USUARIO VALUES (NULL, 'A', 'Miguel', 'Hernandez', 'Lopez', 'A7#TYu*929', 5512345678, 'miguel_h', 'miguel@example.com', '2024-01-01');
INSERT INTO PERSONA.USUARIO VALUES (1, 'D', 'Juan', 'Martinez', 'Garcia', 'B3$XRTY*01', 5512345679, 'juan_m', 'juan@example.com', '2024-01-02');
INSERT INTO PERSONA.USUARIO VALUES (2, 'C', 'Ana', 'Gomez', 'Ramirez', 'C2#RTY*931', 5512345680, 'ana_g', 'ana@example.com', '2024-01-03');
INSERT INTO PERSONA.USUARIO VALUES (3, 'A', 'Laura', 'Perez', 'Torres', 'D5#RTY*29E', 5512345681, 'laura_p', 'laura@example.com', '2024-01-04');
INSERT INTO PERSONA.USUARIO VALUES (4, 'D', 'Jose', 'Sanchez', 'Morales', 'E1*TYU#88D', 5512345682, 'jose_s', 'jose@example.com', '2024-01-05');
INSERT INTO PERSONA.USUARIO VALUES (5, 'C', 'Maria', 'Diaz', 'Fernandez', 'F9$TYU*676', 5512345683, 'maria_d', 'maria@example.com', '2024-01-06');
INSERT INTO PERSONA.USUARIO VALUES (6, 'A', 'Carlos', 'Lopez', 'Gonzalez', 'G4*TYU#182', 5512345684, 'carlos_l', 'carlos@example.com', '2024-01-07');
INSERT INTO PERSONA.USUARIO VALUES (7, 'D', 'Paula', 'Castro', 'Hernandez', 'H8#TYU*34F', 5512345685, 'paula_c', 'paula@example.com', '2024-01-08');
INSERT INTO PERSONA.USUARIO VALUES (8, 'C', 'David', 'Ramirez', 'Martinez', 'I3$TYU*983', 5512345686, 'david_r', 'david@example.com', '2024-01-09');
INSERT INTO PERSONA.USUARIO VALUES (9, 'A', 'Daniela', 'Gutierrez', 'Lopez', 'J6*TYU#21A', 5512345687, 'daniela_g', 'daniela@example.com', '2024-01-10');
INSERT INTO PERSONA.USUARIO VALUES (10, 'D', 'Fernando', 'Garcia', 'Hernandez', 'K2$TYU*45W', 5512345688, 'fernando_g', 'fernando@example.com', '2024-01-11');
INSERT INTO PERSONA.USUARIO VALUES (11, 'C', 'Andrea', 'Martinez', 'Sanchez', 'L8*TYU#893', 5512345689, 'andrea_m', 'andrea@example.com', '2024-01-12');
INSERT INTO PERSONA.USUARIO VALUES (12, 'A', 'Pablo', 'Hernandez', 'Morales', 'M1#TYU*56D', 5512345690, 'pablo_h', 'pablo@example.com', '2024-01-13');
INSERT INTO PERSONA.USUARIO VALUES (13, 'D', 'Gloria', 'Diaz', 'Gomez', 'N7$TYU*23S', 5512345691, 'gloria_d', 'gloria@example.com', '2024-01-14');
INSERT INTO PERSONA.USUARIO VALUES (14, 'C', 'Jorge', 'Morales', 'Hernandez', 'O5*TYU#112', 5512345692, 'jorge_m', 'jorge@example.com', '2024-01-15');
INSERT INTO PERSONA.USUARIO VALUES (15, 'A', 'Rosa', 'Lopez', 'Perez', 'P3$TYU*775', 5512345693, 'rosa_l', 'rosa@example.com', '2024-01-16');
INSERT INTO PERSONA.USUARIO VALUES (16, 'D', 'Alejandro', 'Gomez', 'Ramirez', 'Q9*TYU#001', 5512345694, 'alejandro_g', 'alejandro@example.com', '2024-01-17');
INSERT INTO PERSONA.USUARIO VALUES (17, 'C', 'Sofia', 'Garcia', 'Lopez', 'R2$TYU*66G', 5512345695, 'sofia_g', 'sofia@example.com', '2024-01-18');
INSERT INTO PERSONA.USUARIO VALUES (18, 'A', 'Roberto', 'Perez', 'Gonzalez', 'S4*TYU#332', 5512345696, 'roberto_p', 'roberto@example.com', '2024-01-19');
INSERT INTO PERSONA.USUARIO VALUES (19, 'D', 'Monica', 'Torres', 'Martinez', 'T1#TYU*88F', 5512345697, 'monica_t', 'monica@example.com', '2024-01-20');
INSERT INTO PERSONA.USUARIO 
    (ID_USUARIO_RECOMIENDA, TIPO_USUARIO, NOMBRE_PILA, APELLIDOP, APELLIDOM, CLAVE_ACCESO, NUMERO_CELULAR, NOMBRE_USUARIO, CORREO, FECHA_REGISTRO) 
VALUES (5, 'C', 'Santiago', 'Rios', 'Gonzalez', 'W8#TYU*232', 5512345698, 'santiago_r', 'santiago@example.com', '2024-01-21');

INSERT INTO PERSONA.USUARIO 
    (ID_USUARIO_RECOMIENDA, TIPO_USUARIO, NOMBRE_PILA, APELLIDOP, APELLIDOM, CLAVE_ACCESO, NUMERO_CELULAR, NOMBRE_USUARIO, CORREO, FECHA_REGISTRO) 
VALUES (10, 'C', 'Valeria', 'Mendoza', 'Hernandez', 'Z3$TYU*99F', 5512345699, 'valeria_m', 'valeria@example.com', '2024-01-22');

INSERT INTO PERSONA.USUARIO 
    (ID_USUARIO_RECOMIENDA, TIPO_USUARIO, NOMBRE_PILA, APELLIDOP, APELLIDOM, CLAVE_ACCESO, NUMERO_CELULAR, NOMBRE_USUARIO, CORREO, FECHA_REGISTRO) 
VALUES (8, 'C', 'Emiliano', 'Ruiz', 'Martinez', 'X6*TYU#10Q', 5512345700, 'emiliano_r', 'emiliano@example.com', '2024-01-23');



--INSERTS PARA BANCO 

INSERT INTO BANCO (ID_BANCO, NOMBRE_BANCO) VALUES (1, 'BBVA México');
INSERT INTO BANCO (ID_BANCO, NOMBRE_BANCO) VALUES (2, 'Banamex');
INSERT INTO BANCO (ID_BANCO, NOMBRE_BANCO) VALUES (3, 'Santander');
INSERT INTO BANCO (ID_BANCO, NOMBRE_BANCO) VALUES (4, 'HSBC México');
INSERT INTO BANCO (ID_BANCO, NOMBRE_BANCO) VALUES (5, 'Banorte');
INSERT INTO BANCO (ID_BANCO, NOMBRE_BANCO) VALUES (6, 'Scotiabank');
INSERT INTO BANCO (ID_BANCO, NOMBRE_BANCO) VALUES (7, 'Banco Azteca');
INSERT INTO BANCO (ID_BANCO, NOMBRE_BANCO) VALUES (8, 'Inbursa');
INSERT INTO BANCO (ID_BANCO, NOMBRE_BANCO) VALUES (9, 'Banco del Bajío');
INSERT INTO BANCO (ID_BANCO, NOMBRE_BANCO) VALUES (10, 'Banregio');
INSERT INTO BANCO (ID_BANCO, NOMBRE_BANCO) VALUES (11, 'Banco Multiva');
INSERT INTO BANCO (ID_BANCO, NOMBRE_BANCO) VALUES (12, 'Banco Famsa');
INSERT INTO BANCO (ID_BANCO, NOMBRE_BANCO) VALUES (13, 'Afirme');
INSERT INTO BANCO (ID_BANCO, NOMBRE_BANCO) VALUES (14, 'Banco Inmobiliario Mexicano');
INSERT INTO BANCO (ID_BANCO, NOMBRE_BANCO) VALUES (15, 'Banca Mifel');
INSERT INTO BANCO (ID_BANCO, NOMBRE_BANCO) VALUES (16, 'Banco Compartamos');
INSERT INTO BANCO (ID_BANCO, NOMBRE_BANCO) VALUES (17, 'Banco Ve por Más');
INSERT INTO BANCO (ID_BANCO, NOMBRE_BANCO) VALUES (18, 'Banco Sabadell');
INSERT INTO BANCO (ID_BANCO, NOMBRE_BANCO) VALUES (19, 'Consubanco');
INSERT INTO BANCO (ID_BANCO, NOMBRE_BANCO) VALUES (20, 'Bank of America México');
INSERT INTO BANCO (ID_BANCO, NOMBRE_BANCO) VALUES (21, 'Banco BASE');
INSERT INTO BANCO (ID_BANCO, NOMBRE_BANCO) VALUES (22, 'Banco Invex');
INSERT INTO BANCO (ID_BANCO, NOMBRE_BANCO) VALUES (23, 'Intercam Banco');
INSERT INTO BANCO (ID_BANCO, NOMBRE_BANCO) VALUES (24, 'Bansi');
INSERT INTO BANCO (ID_BANCO, NOMBRE_BANCO) VALUES (25, 'Actinver');

-- INSERTS PARA LA TABLA TARJETA

INSERT INTO INTERACCION.TARJETA (NUM_TARJETA, ID_USUARIO, MES, YEAR_TARJETA, ID_BANCO) VALUES 
('1234567890123456', 11, 3, 2025, 1),  -- BBVA México
('2345678901234567', 8, 4, 2025, 2),   -- Banamex
('3456789012345678', 9, 5, 2025, 3),   -- Santander
('4567890123456789', 10, 6, 2025, 4),  -- HSBC México
('5678901234567890', 5, 7, 2025, 5),   -- Banorte
('6789012345678901', 6, 8, 2025, 6),   -- Scotiabank
('7890123456789012', 7, 9, 2025, 7),   -- Banco Azteca
('8901234567890123', 8, 10, 2025, 8),  -- Inbursa
('9012345678901234', 9, 11, 2025, 9),  -- Banco del Bajío
('0123456789012345', 10, 12, 2025, 10),-- Banregio
('1122334455667788', 3, 1, 2026, 11),  -- Banco Multiva
('2233445566778899', 4, 2, 2026, 12),  -- Banco Famsa
('3344556677889900', 5, 3, 2026, 13),  -- Afirme
('4455667788990011', 6, 4, 2026, 14),  -- Banco Inmobiliario Mexicano
('5566778899001122', 7, 5, 2026, 15),  -- Banca Mifel
('6677889900112233', 8, 6, 2026, 16),  -- Banco Compartamos
('7788990011223344', 9, 7, 2026, 17),  -- Banco Ve por Más
('8899001122334455', 10, 8, 2026, 18), -- Banco Sabadell
('9900112233445566', 11, 9, 2026, 19), -- Consubanco
('0011223344556677', 12, 10, 2026, 20),-- Bank of America México
('9988776655443322', 13, 11, 2026, 21),-- Banco BASE
('8877665544332211', 14, 12, 2026, 22),-- Banco Invex
('7766554433221100', 15, 1, 2027, 23), -- Intercam Banco
('6655443322110099', 16, 2, 2027, 24), -- Bansi
('5544332211009988', 17, 3, 2027, 25); -- Actinver


-- INSERTS PARA LA TABLA FACTURA
INSERT INTO INTERACCION.FACTURA (ID_USUARIO, RFC, FECHA_FACTURA, IMPORTE_TOTAL, DIRECCION_FACTURACION) VALUES (4, 'JEST660311XYZ', '2025-01-15', 1200.50, 'Av. Insurgentes 123, Ciudad de México');
INSERT INTO INTERACCION.FACTURA (ID_USUARIO, RFC, FECHA_FACTURA, IMPORTE_TOTAL, DIRECCION_FACTURACION) VALUES (4, 'MARG660312XYZ', '2025-02-18', 2300.00, 'Calle Reforma 456, Ciudad de México');
INSERT INTO INTERACCION.FACTURA (ID_USUARIO, RFC, FECHA_FACTURA, IMPORTE_TOTAL, DIRECCION_FACTURACION) VALUES (4, 'CALT660313XYZ', '2025-03-20', 3450.75, 'Av. Chapultepec 789, Ciudad de México');
INSERT INTO INTERACCION.FACTURA (ID_USUARIO, RFC, FECHA_FACTURA, IMPORTE_TOTAL, DIRECCION_FACTURACION) VALUES (4, 'JUAM660314XYZ', '2025-04-25', 4560.30, 'Paseo de la Reforma 101, Ciudad de México');
INSERT INTO INTERACCION.FACTURA (ID_USUARIO, RFC, FECHA_FACTURA, IMPORTE_TOTAL, DIRECCION_FACTURACION) VALUES (5, 'PEDC660315XYZ', '2025-05-12', 5670.80, 'Periférico 202, Ciudad de México');
INSERT INTO INTERACCION.FACTURA (ID_USUARIO, RFC, FECHA_FACTURA, IMPORTE_TOTAL, DIRECCION_FACTURACION) VALUES (6, 'LUTR660316XYZ', '2025-06-18', 6780.40, 'Calle de los Cipreses 303, Ciudad de México');
INSERT INTO INTERACCION.FACTURA (ID_USUARIO, RFC, FECHA_FACTURA, IMPORTE_TOTAL, DIRECCION_FACTURACION) VALUES (7, 'ANRM660317XYZ', '2025-07-22', 7890.90, 'Avenida Revolución 404, Ciudad de México');
INSERT INTO INTERACCION.FACTURA (ID_USUARIO, RFC, FECHA_FACTURA, IMPORTE_TOTAL, DIRECCION_FACTURACION) VALUES (8, 'FEPS660318XYZ', '2025-08-15', 8901.20, 'Calzada de Tlalpan 505, Ciudad de México');
INSERT INTO INTERACCION.FACTURA (ID_USUARIO, RFC, FECHA_FACTURA, IMPORTE_TOTAL, DIRECCION_FACTURACION) VALUES (9, 'LAMT660319XYZ', '2025-09-10', 9123.45, 'Av. Universidad 606, Ciudad de México');
INSERT INTO INTERACCION.FACTURA (ID_USUARIO, RFC, FECHA_FACTURA, IMPORTE_TOTAL, DIRECCION_FACTURACION) VALUES (10, 'DAGG660320XYZ', '2025-10-05', 10234.60, 'Calzada Ignacio Zaragoza 707, Ciudad de México');
INSERT INTO INTERACCION.FACTURA (ID_USUARIO, RFC, FECHA_FACTURA, IMPORTE_TOTAL, DIRECCION_FACTURACION) VALUES (11, 'ANHL660321XYZ', '2025-11-12', 11000.75, 'Calzada de Guadalupe 808, Ciudad de México');
INSERT INTO INTERACCION.FACTURA (ID_USUARIO, RFC, FECHA_FACTURA, IMPORTE_TOTAL, DIRECCION_FACTURACION) VALUES (12, 'DIRO660322XYZ', '2025-12-20', 12050.90, 'Calle de las Rosas 909, Ciudad de México');
INSERT INTO INTERACCION.FACTURA (ID_USUARIO, RFC, FECHA_FACTURA, IMPORTE_TOTAL, DIRECCION_FACTURACION) VALUES (13, 'PARA660323XYZ', '2026-01-15', 13000.10, 'Av. División del Norte 1001, Ciudad de México');
INSERT INTO INTERACCION.FACTURA (ID_USUARIO, RFC, FECHA_FACTURA, IMPORTE_TOTAL, DIRECCION_FACTURACION) VALUES (14, 'RADI660324XYZ', '2026-02-25', 14000.30, 'Paseo de las Palmas 1102, Ciudad de México');
INSERT INTO INTERACCION.FACTURA (ID_USUARIO, RFC, FECHA_FACTURA, IMPORTE_TOTAL, DIRECCION_FACTURACION) VALUES (15, 'ELMO660325XYZ', '2026-03-05', 15000.50, 'Av. Revolución 1203, Ciudad de México');
INSERT INTO INTERACCION.FACTURA (ID_USUARIO, RFC, FECHA_FACTURA, IMPORTE_TOTAL, DIRECCION_FACTURACION) VALUES (16, 'ROTO660326XYZ', '2026-04-18', 16000.75, 'Periférico Sur 1304, Ciudad de México');
INSERT INTO INTERACCION.FACTURA (ID_USUARIO, RFC, FECHA_FACTURA, IMPORTE_TOTAL, DIRECCION_FACTURACION) VALUES (17, 'MILO660327XYZ', '2026-05-22', 17000.80, 'Av. Coyoacán 1405, Ciudad de México');
INSERT INTO INTERACCION.FACTURA (ID_USUARIO, RFC, FECHA_FACTURA, IMPORTE_TOTAL, DIRECCION_FACTURACION) VALUES (18, 'SOLO660328XYZ', '2026-06-15', 18000.65, 'Calle de los Pinos 1506, Ciudad de México');
INSERT INTO INTERACCION.FACTURA (ID_USUARIO, RFC, FECHA_FACTURA, IMPORTE_TOTAL, DIRECCION_FACTURACION) VALUES (19, 'JOMO660329XYZ', '2026-07-10', 19000.40, 'Avenida de los Insurgentes 1607, Ciudad de México');
INSERT INTO INTERACCION.FACTURA (ID_USUARIO, RFC, FECHA_FACTURA, IMPORTE_TOTAL, DIRECCION_FACTURACION) VALUES (20, 'MOGD660330XYZ', '2026-08-05', 20000.25, 'Calzada Ermita Iztapalapa 1708, Ciudad de México');

-- INSERTS PARA LA TABLA ADMINISTRADOR

INSERT INTO PERSONA.ADMINISTRADOR (ID_USUARIO, FECHA_INGRESO) select ID_USUARIO,FECHA_REGISTRO FROM PERSONA.USUARIO WHERE TIPO_USUARIO = 'A'

-- INSERTS PARA LA TABLA TELEFONO

INSERT INTO TELEFONO (NUM_TELEFONO, ID_USUARIO) VALUES 
(5512345670, 1),
(5512345671, 4),
(5512345672, 7),
(5512345673, 10),
(5512345674, 13),
(5512345675, 16),
(5512345676, 19),
(5512345677, 1),
(5512345678, 4),
(5512345679, 7),
(5512345680, 10),
(5512345681, 13),
(5512345682, 16),
(5512345683, 19),
(5512345684, 1),
(5512345685, 4),
(5512345686, 7),
(5512345687, 10),
(5512345688, 13),
(5512345689, 16),
(5512345690, 19);


-- INSERTS PARA LA TABLA CONDUCTOR

INSERT INTO PERSONA.CONDUCTOR (ID_USUARIO, FECHA_VIGENCIA, DESCRIPCION, FOTO_RECIENTE, NUM_LICENCIA) VALUES 
(2, '2026-08-01', 'Conductor profesional con certificación en manejo seguro.', CAST(0x89012345 AS VARBINARY(MAX)), 89012345),
(5, '2026-01-01', 'Conductor experimentado con más de 5 años de experiencia.', CAST(0x12345678 AS VARBINARY(MAX)), 12345678),
(8, '2026-02-01', 'Conductor profesional con certificación en manejo seguro.', CAST(0x23456789 AS VARBINARY(MAX)), 23456789),
(11, '2026-03-01', 'Conductor con experiencia en rutas urbanas y manejo defensivo.', CAST(0x34567890 AS VARBINARY(MAX)), 34567890),
(14, '2026-04-01', 'Conductor especializado en servicios premium y ejecutivos.', CAST(0x45678901 AS VARBINARY(MAX)), 45678901),
(17, '2026-05-01', 'Conductor capacitado para transporte seguro de personas.', CAST(0x56789012 AS VARBINARY(MAX)), 56789012),
(20, '2026-06-01', 'Conductor con habilidades avanzadas para manejo en tráfico intenso.', CAST(0x67890123 AS VARBINARY(MAX)), 67890123);


-- INSERTS PARA LA TABLA PAGO

INSERT INTO PAGO (NUM_PAGO, ID_USUARIO, FECHA_PAGO, MONTO_TOTAL) VALUES 
(1, 2, '2025-01-15', 1200.50),
(2, 5, '2025-02-18', 2300.00),
(3, 8, '2025-03-20', 3450.75),
(4, 11, '2025-04-25', 4560.30),
(5, 14, '2025-05-12', 5670.80),
(6, 17, '2025-06-18', 6780.40),
(7, 20, '2025-07-22', 7890.90),
(8, 2, '2025-08-15', 8901.20),
(9, 5, '2025-09-10', 9123.45),
(10, 8, '2025-10-05', 10234.60),
(11, 11, '2025-11-12', 11000.75),
(12, 14, '2025-12-20', 12050.90),
(13, 17, '2026-01-15', 13000.10),
(14, 20, '2026-02-25', 14000.30),
(15, 2, '2026-03-05', 15000.50),
(16, 5, '2026-04-18', 16000.75),
(17, 8, '2026-05-22', 17000.80),
(18, 11, '2026-06-15', 18000.65),
(19, 14, '2026-07-10', 19000.40),
(20, 17, '2026-08-05', 20000.25);


-- INSERTS PARA LA TABLA MARCA

INSERT INTO MARCA (MARCA) VALUES ('Toyota');
INSERT INTO MARCA (MARCA) VALUES ('Honda');
INSERT INTO MARCA (MARCA) VALUES ('Ford');
INSERT INTO MARCA (MARCA) VALUES ('Chevrolet');
INSERT INTO MARCA (MARCA) VALUES ('Nissan');
INSERT INTO MARCA (MARCA) VALUES ('BMW');
INSERT INTO MARCA (MARCA) VALUES ('Mercedes-Benz');
INSERT INTO MARCA (MARCA) VALUES ('Audi');
INSERT INTO MARCA (MARCA) VALUES ('Volkswagen');
INSERT INTO MARCA (MARCA) VALUES ('Mazda');
INSERT INTO MARCA (MARCA) VALUES ('Hyundai');
INSERT INTO MARCA (MARCA) VALUES ('Kia');
INSERT INTO MARCA (MARCA) VALUES ('Subaru');
INSERT INTO MARCA (MARCA) VALUES ('Porsche');
INSERT INTO MARCA (MARCA) VALUES ('Ferrari');
INSERT INTO MARCA (MARCA) VALUES ('Lamborghini');
INSERT INTO MARCA (MARCA) VALUES ('Mitsubishi');
INSERT INTO MARCA (MARCA) VALUES ('Jaguar');
INSERT INTO MARCA (MARCA) VALUES ('Land Rover');
INSERT INTO MARCA (MARCA) VALUES ('Tesla');

-- INSERTS PARA LA TABLA MODELO

SELECT * FROM MODELO

INSERT INTO MODELO (ID_MARCA, MODELO) VALUES (1, 'Corolla');
INSERT INTO MODELO (ID_MARCA, MODELO) VALUES (1, 'Camry');
INSERT INTO MODELO (ID_MARCA, MODELO) VALUES (2, 'Civic');
INSERT INTO MODELO (ID_MARCA, MODELO) VALUES (2, 'Accord');
INSERT INTO MODELO (ID_MARCA, MODELO) VALUES (3, 'Mustang');
INSERT INTO MODELO (ID_MARCA, MODELO) VALUES (3, 'F-150');
INSERT INTO MODELO (ID_MARCA, MODELO) VALUES (4, 'Silverado');
INSERT INTO MODELO (ID_MARCA, MODELO) VALUES (4, 'Camaro');
INSERT INTO MODELO (ID_MARCA, MODELO) VALUES (5, 'Altima');
INSERT INTO MODELO (ID_MARCA, MODELO) VALUES (5, 'Sentra');
INSERT INTO MODELO (ID_MARCA, MODELO) VALUES (6, '3 Series');
INSERT INTO MODELO (ID_MARCA, MODELO) VALUES (6, 'X5');
INSERT INTO MODELO (ID_MARCA, MODELO) VALUES (7, 'C-Class');
INSERT INTO MODELO (ID_MARCA, MODELO) VALUES (7, 'E-Class');
INSERT INTO MODELO (ID_MARCA, MODELO) VALUES (8, 'A4');
INSERT INTO MODELO (ID_MARCA, MODELO) VALUES (8, 'Q7');
INSERT INTO MODELO (ID_MARCA, MODELO) VALUES (9, 'Jetta');
INSERT INTO MODELO (ID_MARCA, MODELO) VALUES (9, 'Passat');
INSERT INTO MODELO (ID_MARCA, MODELO) VALUES (10, 'Mazda3');
INSERT INTO MODELO (ID_MARCA, MODELO) VALUES (10, 'CX-5');

--INSERTS PARA COLOR 

INSERT INTO COLOR (ID_COLOR, NOMBRE_COLOR) VALUES (1, 'Rojo');
INSERT INTO COLOR (ID_COLOR, NOMBRE_COLOR) VALUES (2, 'Azul');
INSERT INTO COLOR (ID_COLOR, NOMBRE_COLOR) VALUES (3, 'Negro');
INSERT INTO COLOR (ID_COLOR, NOMBRE_COLOR) VALUES (4, 'Blanco');
INSERT INTO COLOR (ID_COLOR, NOMBRE_COLOR) VALUES (5, 'Gris');
INSERT INTO COLOR (ID_COLOR, NOMBRE_COLOR) VALUES (6, 'Verde');
INSERT INTO COLOR (ID_COLOR, NOMBRE_COLOR) VALUES (7, 'Amarillo');
INSERT INTO COLOR (ID_COLOR, NOMBRE_COLOR) VALUES (8, 'Naranja');
INSERT INTO COLOR (ID_COLOR, NOMBRE_COLOR) VALUES (9, 'Plateado');
INSERT INTO COLOR (ID_COLOR, NOMBRE_COLOR) VALUES (10, 'Dorado');
INSERT INTO COLOR (ID_COLOR, NOMBRE_COLOR) VALUES (11, 'Morado');
INSERT INTO COLOR (ID_COLOR, NOMBRE_COLOR) VALUES (12, 'Café');
INSERT INTO COLOR (ID_COLOR, NOMBRE_COLOR) VALUES (13, 'Beige');
INSERT INTO COLOR (ID_COLOR, NOMBRE_COLOR) VALUES (14, 'Rosa');
INSERT INTO COLOR (ID_COLOR, NOMBRE_COLOR) VALUES (15, 'Turquesa');
INSERT INTO COLOR (ID_COLOR, NOMBRE_COLOR) VALUES (16, 'Vino');
INSERT INTO COLOR (ID_COLOR, NOMBRE_COLOR) VALUES (17, 'Aqua');
INSERT INTO COLOR (ID_COLOR, NOMBRE_COLOR) VALUES (18, 'Cobalto');
INSERT INTO COLOR (ID_COLOR, NOMBRE_COLOR) VALUES (19, 'Olivo');
INSERT INTO COLOR (ID_COLOR, NOMBRE_COLOR) VALUES (20, 'Celeste');

-- INSERTS PARA LA TABLA AUTO

INSERT INTO VEHICULO (NUM_SERIE_VEHICULO, ID_USUARIO, ID_MODELO, NUM_PLACA, YEAR_AUTO, DISPONIBLE, COLOR_VEHICULO) 
VALUES 

('1HGCM82633A678901', 5, 2, 'DEF456', 2020, 1, 2),
('1HGCM82633A098765', 8, 3, 'GHI789', 2021, 1, 3),
('1HGCM82633A567890', 11, 4, 'JKL012', 2022, 1, 4),
('1HGCM82633A234567', 14, 5, 'MNO345', 2023, 1, 5),
('1HGCM82633A321098', 20, 7, 'STU901', 2020, 1, 7),
('1HGCM82633A456789', 2, 8, 'VWX234', 2021, 1, 8),
('1HGCM82633A098123', 5, 9, 'YZA567', 2022, 1, 9),
('1HGCM82633A987654', 8, 10, 'BCD890', 2023, 1, 10),
('1HGCM82633A654987', 14, 12, 'HIJ456', 2020, 1, 2),
('1HGCM82633A123789', 17, 13, 'KLM789', 2021, 1, 3),
('1HGCM82633A789654', 20, 14, 'NOP012', 2022, 1, 4);

--INSERTS PARA QUEJA_MOTIVO

INSERT INTO QUEJA_MOTIVO (ID_MOTIVO_QUEJA, DESCRIPCION) VALUES (1, 'Retraso en la llegada del vehículo');
INSERT INTO QUEJA_MOTIVO (ID_MOTIVO_QUEJA, DESCRIPCION) VALUES (2, 'Vehículo en malas condiciones');
INSERT INTO QUEJA_MOTIVO (ID_MOTIVO_QUEJA, DESCRIPCION) VALUES (3, 'Conductor fue grosero');
INSERT INTO QUEJA_MOTIVO (ID_MOTIVO_QUEJA, DESCRIPCION) VALUES (4, 'Cobro incorrecto');
INSERT INTO QUEJA_MOTIVO (ID_MOTIVO_QUEJA, DESCRIPCION) VALUES (5, 'Mala atención al cliente');
INSERT INTO QUEJA_MOTIVO (ID_MOTIVO_QUEJA, DESCRIPCION) VALUES (6, 'Falta de limpieza en el vehículo');
INSERT INTO QUEJA_MOTIVO (ID_MOTIVO_QUEJA, DESCRIPCION) VALUES (7, 'Vehículo no coincidía con la app');
INSERT INTO QUEJA_MOTIVO (ID_MOTIVO_QUEJA, DESCRIPCION) VALUES (8, 'Ruta más larga de lo necesario');
INSERT INTO QUEJA_MOTIVO (ID_MOTIVO_QUEJA, DESCRIPCION) VALUES (9, 'Conductor no siguió las instrucciones');
INSERT INTO QUEJA_MOTIVO (ID_MOTIVO_QUEJA, DESCRIPCION) VALUES (10, 'Vehículo con problemas mecánicos');

--INSERTS PARA INTERACCION QUEJA



-- INSERTS PARA LA TABLA MOTIVO

INSERT INTO MOTIVO (NOMBRE) VALUES 
('Retraso en el servicio'),
('Conductor no llegó a tiempo'),
('Vehículo en malas condiciones'),
('Conductor fue grosero'),
('Cobro incorrecto'),
('Mala atención al cliente'),
('Falta de limpieza en el vehículo'),
('Vehículo no coincidía con la app'),
('Ruta más larga de lo necesario'),
('Conductor no siguió las instrucciones'),
('Vehículo con problemas mecánicos'),
('Conductor no utilizó el cinturón de seguridad'),
('Conductor excedió el límite de velocidad'),
('Vehículo sucio'),
('Música a volumen alto'),
('Conductor no usaba mascarilla'),
('Conductor usaba el teléfono mientras manejaba'),
('Conductor fue irrespetuoso'),
('No se siguieron los protocolos de seguridad'),
('Conductor tomó una ruta diferente');


-- INSERTS PARA LA TABLA DESCUENTO

INSERT INTO INTERACCION.DESCUENTO (DESCRIPCION, ID_MOTIVO, IMPORTE, VIGENCIA) VALUES 
('Descuento por retraso', 1, 150.00, '2025-12-31'),
('Descuento por llegada tardía', 2, 200.00, '2025-12-31'),
('Descuento por vehículo en mal estado', 3, 250.00, '2025-12-31'),
('Descuento por trato grosero', 4, 300.00, '2025-12-31'),
('Descuento por cobro incorrecto', 5, 350.00, '2025-12-31'),
('Descuento por mala atención', 6, 400.00, '2025-12-31'),
('Descuento por falta de limpieza', 7, 450.00, '2025-12-31'),
('Descuento por datos incorrectos en app', 8, 500.00, '2025-12-31'),
('Descuento por ruta más larga', 9, 550.00, '2025-12-31'),
('Descuento por no seguir instrucciones', 10, 600.00, '2025-12-31'),
('Descuento por problemas mecánicos', 11, 650.00, '2025-12-31'),
('Descuento por no usar cinturón', 12, 700.00, '2025-12-31'),
('Descuento por exceso de velocidad', 13, 750.00, '2025-12-31'),
('Descuento por vehículo sucio', 14, 800.00, '2025-12-31'),
('Descuento por música alta', 15, 850.00, '2025-12-31'),
('Descuento por falta de mascarilla', 16, 900.00, '2025-12-31'),
('Descuento por uso de celular', 17, 950.00, '2025-12-31'),
('Descuento por falta de respeto', 18, 1000.00, '2025-12-31'),
('Descuento por falta de protocolos', 19, 1050.00, '2025-12-31'),
('Descuento por ruta incorrecta', 20, 1100.00, '2025-12-31');

-- INSERTS PARA LA TABLA USUARIO_DESCUENTO

INSERT INTO USUARIO_DESCUENTO (ID_USUARIO, ID_DESCUENTO) VALUES (1, 1);
INSERT INTO USUARIO_DESCUENTO (ID_USUARIO, ID_DESCUENTO) VALUES (2, 2);
INSERT INTO USUARIO_DESCUENTO (ID_USUARIO, ID_DESCUENTO) VALUES (3, 3);
INSERT INTO USUARIO_DESCUENTO (ID_USUARIO, ID_DESCUENTO) VALUES (4, 4);
INSERT INTO USUARIO_DESCUENTO (ID_USUARIO, ID_DESCUENTO) VALUES (5, 5);
INSERT INTO USUARIO_DESCUENTO (ID_USUARIO, ID_DESCUENTO) VALUES (6, 6);
INSERT INTO USUARIO_DESCUENTO (ID_USUARIO, ID_DESCUENTO) VALUES (7, 7);
INSERT INTO USUARIO_DESCUENTO (ID_USUARIO, ID_DESCUENTO) VALUES (8, 8);
INSERT INTO USUARIO_DESCUENTO (ID_USUARIO, ID_DESCUENTO) VALUES (9, 9);
INSERT INTO USUARIO_DESCUENTO (ID_USUARIO, ID_DESCUENTO) VALUES (10, 10);
INSERT INTO USUARIO_DESCUENTO (ID_USUARIO, ID_DESCUENTO) VALUES (11, 11);
INSERT INTO USUARIO_DESCUENTO (ID_USUARIO, ID_DESCUENTO) VALUES (12, 12);
INSERT INTO USUARIO_DESCUENTO (ID_USUARIO, ID_DESCUENTO) VALUES (13, 13);
INSERT INTO USUARIO_DESCUENTO (ID_USUARIO, ID_DESCUENTO) VALUES (14, 14);
INSERT INTO USUARIO_DESCUENTO (ID_USUARIO, ID_DESCUENTO) VALUES (15, 15);
INSERT INTO USUARIO_DESCUENTO (ID_USUARIO, ID_DESCUENTO) VALUES (16, 16);
INSERT INTO USUARIO_DESCUENTO (ID_USUARIO, ID_DESCUENTO) VALUES (17, 17);
INSERT INTO USUARIO_DESCUENTO (ID_USUARIO, ID_DESCUENTO) VALUES (18, 18);
INSERT INTO USUARIO_DESCUENTO (ID_USUARIO, ID_DESCUENTO) VALUES (19, 19);
INSERT INTO USUARIO_DESCUENTO (ID_USUARIO, ID_DESCUENTO) VALUES (20, 20);

-- INSERTS PARA LA TABLA ESTATUS

INSERT INTO RECORRIDO.ESTATUS (NOMBRE_ESTATUS) VALUES 
('S'),
('G'),
('C'),
('E'),
('B'),
('P'),
('A'),
('X'),
('T');


-- INSERTS PARA LA TABLA VIAJE

INSERT INTO RECORRIDO.VIAJE (ID_FACTURA, ID_VEHICULO, CLAVE_ACTUAL, ID_USUARIO, FECHA_SOLICITUD, LATITUD_DESTINO, LONGITUD_DESTINO, LONGITUD_ORIGEN, LATITUD_ORIGEN, TIPO, TIPO_PAGO, TARJETA_CLIENTE) VALUES 
(1, 1, 1, 1, '2025-01-15 10:00:00', '19.4326', '-99.1332', '-99.1400', '19.4400', 'N', 'T', '1234567890123456'),
(2, 2, 1, 2, '2025-02-18 11:30:00', '19.4327', '-99.1333', '-99.1401', '19.4401', 'P', 'E', '2345678901234567'),
(3, 3, 1, 3, '2025-03-20 09:15:00', '19.4328', '-99.1334', '-99.1402', '19.4402', 'N', 'T', '3456789012345678'),
(4, 4, 1, 4, '2025-04-25 12:45:00', '19.4329', '-99.1335', '-99.1403', '19.4403', 'P', 'E', '4567890123456789'),
(5, 5, 1, 5, '2025-05-12 14:00:00', '19.4330', '-99.1336', '-99.1404', '19.4404', 'N', 'T', '5678901234567890');

select * from RECORRIDO.VIAJE


-- INSERTS PARA LA TABLA BITACORA

INSERT INTO RECORRIDO.BITACORA (ID_VIAJE, LATITUD, LONGITUD) VALUES (1, '19.4326', '-99.1332');
INSERT INTO RECORRIDO.BITACORA (ID_VIAJE, LATITUD, LONGITUD) VALUES (2, '19.4327', '-99.1333');
INSERT INTO RECORRIDO.BITACORA (ID_VIAJE, LATITUD, LONGITUD) VALUES (3, '19.4328', '-99.1334');
INSERT INTO RECORRIDO.BITACORA (ID_VIAJE, LATITUD, LONGITUD) VALUES (4, '19.4329', '-99.1335');
INSERT INTO RECORRIDO.BITACORA (ID_VIAJE, LATITUD, LONGITUD) VALUES (5, '19.4330', '-99.1336');
INSERT INTO RECORRIDO.BITACORA (ID_VIAJE, LATITUD, LONGITUD) VALUES (6, '19.4331', '-99.1337');
INSERT INTO RECORRIDO.BITACORA (ID_VIAJE, LATITUD, LONGITUD) VALUES (7, '19.4332', '-99.1338');
INSERT INTO RECORRIDO.BITACORA (ID_VIAJE, LATITUD, LONGITUD) VALUES (8, '19.4333', '-99.1339');
INSERT INTO RECORRIDO.BITACORA (ID_VIAJE, LATITUD, LONGITUD) VALUES (9, '19.4334', '-99.1340');
INSERT INTO RECORRIDO.BITACORA (ID_VIAJE, LATITUD, LONGITUD) VALUES (10, '19.4335', '-99.1341');
INSERT INTO RECORRIDO.BITACORA (ID_VIAJE, LATITUD, LONGITUD) VALUES (11, '19.4336', '-99.1342');
INSERT INTO RECORRIDO.BITACORA (ID_VIAJE, LATITUD, LONGITUD) VALUES (12, '19.4337', '-99.1343');
INSERT INTO RECORRIDO.BITACORA (ID_VIAJE, LATITUD, LONGITUD) VALUES (13, '19.4338', '-99.1344');
INSERT INTO RECORRIDO.BITACORA (ID_VIAJE, LATITUD, LONGITUD) VALUES (14, '19.4339', '-99.1345');
INSERT INTO RECORRIDO.BITACORA (ID_VIAJE, LATITUD, LONGITUD) VALUES (15, '19.4340', '-99.1346');
INSERT INTO RECORRIDO.BITACORA (ID_VIAJE, LATITUD, LONGITUD) VALUES (16, '19.4341', '-99.1347');
INSERT INTO RECORRIDO.BITACORA (ID_VIAJE, LATITUD, LONGITUD) VALUES (17, '19.4342', '-99.1348');
INSERT INTO RECORRIDO.BITACORA (ID_VIAJE, LATITUD, LONGITUD) VALUES (18, '19.4343', '-99.1349');
INSERT INTO RECORRIDO.BITACORA (ID_VIAJE, LATITUD, LONGITUD) VALUES (19, '19.4344', '-99.1350');
INSERT INTO RECORRIDO.BITACORA (ID_VIAJE, LATITUD, LONGITUD) VALUES (20, '19.4345', '-99.1351');

-- INSERTS PARA LA TABLA ESTATUS_VIAJE

INSERT INTO RECORRIDO.ESTATUS_VIAJE (CLAVE_ESTATUS, ID_VIAJE, FECHA_ESTATUS) VALUES (1, 1, '2025-01-15 10:05:00');
INSERT INTO RECORRIDO.ESTATUS_VIAJE (CLAVE_ESTATUS, ID_VIAJE, FECHA_ESTATUS) VALUES (2, 2, '2025-02-18 11:35:00');
INSERT INTO RECORRIDO.ESTATUS_VIAJE (CLAVE_ESTATUS, ID_VIAJE, FECHA_ESTATUS) VALUES (3, 3, '2025-03-20 09:20:00');
INSERT INTO RECORRIDO.ESTATUS_VIAJE (CLAVE_ESTATUS, ID_VIAJE, FECHA_ESTATUS) VALUES (4, 4, '2025-04-25 12:50:00');
INSERT INTO RECORRIDO.ESTATUS_VIAJE (CLAVE_ESTATUS, ID_VIAJE, FECHA_ESTATUS) VALUES (5, 5, '2025-05-12 14:05:00');
INSERT INTO RECORRIDO.ESTATUS_VIAJE (CLAVE_ESTATUS, ID_VIAJE, FECHA_ESTATUS) VALUES (6, 6, '2025-06-18 08:35:00');
INSERT INTO RECORRIDO.ESTATUS_VIAJE (CLAVE_ESTATUS, ID_VIAJE, FECHA_ESTATUS) VALUES (7, 7, '2025-07-22 13:20:00');
INSERT INTO RECORRIDO.ESTATUS_VIAJE (CLAVE_ESTATUS, ID_VIAJE, FECHA_ESTATUS) VALUES (8, 8, '2025-08-15 16:35:00');
INSERT INTO RECORRIDO.ESTATUS_VIAJE (CLAVE_ESTATUS, ID_VIAJE, FECHA_ESTATUS) VALUES (9, 9, '2025-09-10 15:05:00');
INSERT INTO RECORRIDO.ESTATUS_VIAJE (CLAVE_ESTATUS, ID_VIAJE, FECHA_ESTATUS) VALUES (10, 10, '2025-10-05 17:50:00');
INSERT INTO RECORRIDO.ESTATUS_VIAJE (CLAVE_ESTATUS, ID_VIAJE, FECHA_ESTATUS) VALUES (11, 11, '2025-11-12 09:05:00');
INSERT INTO RECORRIDO.ESTATUS_VIAJE (CLAVE_ESTATUS, ID_VIAJE, FECHA_ESTATUS) VALUES (12, 12, '2025-12-20 18:05:00');
INSERT INTO RECORRIDO.ESTATUS_VIAJE (CLAVE_ESTATUS, ID_VIAJE, FECHA_ESTATUS) VALUES (13, 13, '2026-01-15 10:35:00');
INSERT INTO RECORRIDO.ESTATUS_VIAJE (CLAVE_ESTATUS, ID_VIAJE, FECHA_ESTATUS) VALUES (14, 14, '2026-02-25 13:05:00');
INSERT INTO RECORRIDO.ESTATUS_VIAJE (CLAVE_ESTATUS, ID_VIAJE, FECHA_ESTATUS) VALUES (15, 15, '2026-03-05 14:20:00');
INSERT INTO RECORRIDO.ESTATUS_VIAJE (CLAVE_ESTATUS, ID_VIAJE, FECHA_ESTATUS) VALUES (16, 16, '2026-04-18 15:35:00');
INSERT INTO RECORRIDO.ESTATUS_VIAJE (CLAVE_ESTATUS, ID_VIAJE, FECHA_ESTATUS) VALUES (17, 17, '2026-05-22 16:50:00');
INSERT INTO RECORRIDO.ESTATUS_VIAJE (CLAVE_ESTATUS, ID_VIAJE, FECHA_ESTATUS) VALUES (18, 18, '2026-06-15 17:05:00');
INSERT INTO RECORRIDO.ESTATUS_VIAJE (CLAVE_ESTATUS, ID_VIAJE, FECHA_ESTATUS) VALUES (19, 19, '2026-07-10 18:35:00');
INSERT INTO RECORRIDO.ESTATUS_VIAJE (CLAVE_ESTATUS, ID_VIAJE, FECHA_ESTATUS) VALUES (20, 20, '2026-08-05 19:50:00');

-- INSERTS PARA LA TABLA ACEPTADO

INSERT INTO RECORRIDO.ACEPTADO (ID_VIAJE, COMENTARIOS, PROPINA, CALIFICACION, HORA_INICIO_CURSO, ETIQUETA, IMPORTE, TIPO_PAGO) VALUES (1, 'Excelente servicio', 20, 5, '2025-01-15 10:10:00', 'VIP', 1200.50, 'T');
INSERT INTO RECORRIDO.ACEPTADO (ID_VIAJE, COMENTARIOS, PROPINA, CALIFICACION, HORA_INICIO_CURSO, ETIQUETA, IMPORTE, TIPO_PAGO) VALUES (2, 'Conductor puntual', 15, 4, '2025-02-18 11:40:00', 'Express', 2300.00, 'E');
INSERT INTO RECORRIDO.ACEPTADO (ID_VIAJE, COMENTARIOS, PROPINA, CALIFICACION, HORA_INICIO_CURSO, ETIQUETA, IMPORTE, TIPO_PAGO) VALUES (3, 'Vehículo limpio', 10, 4, '2025-03-20 09:25:00', 'Comfort', 3450.75, 'T');
INSERT INTO RECORRIDO.ACEPTADO (ID_VIAJE, COMENTARIOS, PROPINA, CALIFICACION, HORA_INICIO_CURSO, ETIQUETA, IMPORTE, TIPO_PAGO) VALUES (4, 'Conductor amable', 20, 5, '2025-04-25 12:55:00', 'VIP', 4560.30, 'E');
INSERT INTO RECORRIDO.ACEPTADO (ID_VIAJE, COMENTARIOS, PROPINA, CALIFICACION, HORA_INICIO_CURSO, ETIQUETA, IMPORTE, TIPO_PAGO) VALUES (5, 'Buen servicio', 15, 4, '2025-05-12 14:10:00', 'Express', 5670.80, 'T');
INSERT INTO RECORRIDO.ACEPTADO (ID_VIAJE, COMENTARIOS, PROPINA, CALIFICACION, HORA_INICIO_CURSO, ETIQUETA, IMPORTE, TIPO_PAGO) VALUES (6, 'Conductor profesional', 20, 5, '2025-06-18 08:40:00', 'Premium', 6780.40, 'E');
INSERT INTO RECORRIDO.ACEPTADO (ID_VIAJE, COMENTARIOS, PROPINA, CALIFICACION, HORA_INICIO_CURSO, ETIQUETA, IMPORTE, TIPO_PAGO) VALUES (7, 'Viaje cómodo', 10, 4, '2025-07-22 13:25:00', 'Comfort', 7890.90, 'T');
INSERT INTO RECORRIDO.ACEPTADO (ID_VIAJE, COMENTARIOS, PROPINA, CALIFICACION, HORA_INICIO_CURSO, ETIQUETA, IMPORTE, TIPO_PAGO) VALUES (8, 'Buen manejo', 20, 5, '2025-08-15 16:40:00', 'VIP', 8901.20, 'E');
INSERT INTO RECORRIDO.ACEPTADO (ID_VIAJE, COMENTARIOS, PROPINA, CALIFICACION, HORA_INICIO_CURSO, ETIQUETA, IMPORTE, TIPO_PAGO) VALUES (9, 'Conductor atento', 15, 4, '2025-09-10 15:10:00', 'Express', 9123.45, 'T');
INSERT INTO RECORRIDO.ACEPTADO (ID_VIAJE, COMENTARIOS, PROPINA, CALIFICACION, HORA_INICIO_CURSO, ETIQUETA, IMPORTE, TIPO_PAGO) VALUES (10, 'Excelente experiencia', 20, 5, '2025-10-05 17:55:00', 'VIP', 10234.60, 'E');
INSERT INTO RECORRIDO.ACEPTADO (ID_VIAJE, COMENTARIOS, PROPINA, CALIFICACION, HORA_INICIO_CURSO, ETIQUETA, IMPORTE, TIPO_PAGO) VALUES (11, 'Conductor profesional', 20, 5, '2025-11-12 09:10:00', 'Premium', 11000.75, 'T');
INSERT INTO RECORRIDO.ACEPTADO (ID_VIAJE, COMENTARIOS, PROPINA, CALIFICACION, HORA_INICIO_CURSO, ETIQUETA, IMPORTE, TIPO_PAGO) VALUES (12, 'Viaje sin inconvenientes', 15, 4, '2025-12-20 18:10:00', 'Comfort', 12050.90, 'E');
INSERT INTO RECORRIDO.ACEPTADO (ID_VIAJE, COMENTARIOS, PROPINA, CALIFICACION, HORA_INICIO_CURSO, ETIQUETA, IMPORTE, TIPO_PAGO) VALUES (13, 'Excelente manejo', 20, 5, '2026-01-15 10:40:00', 'VIP', 13000.10, 'T');
INSERT INTO RECORRIDO.ACEPTADO (ID_VIAJE, COMENTARIOS, PROPINA, CALIFICACION, HORA_INICIO_CURSO, ETIQUETA, IMPORTE, TIPO_PAGO) VALUES (14, 'Conductor puntual', 10, 4, '2026-02-25 13:10:00', 'Express', 14000.30, 'E');
INSERT INTO RECORRIDO.ACEPTADO (ID_VIAJE, COMENTARIOS, PROPINA, CALIFICACION, HORA_INICIO_CURSO, ETIQUETA, IMPORTE, TIPO_PAGO) VALUES (15, 'Buena atención', 15, 4, '2026-03-05 14:25:00', 'Comfort', 15000.50, 'T');
INSERT INTO RECORRIDO.ACEPTADO (ID_VIAJE, COMENTARIOS, PROPINA, CALIFICACION, HORA_INICIO_CURSO, ETIQUETA, IMPORTE, TIPO_PAGO) VALUES (16, 'Conductor amable', 20, 5, '2026-04-18 15:40:00', 'VIP', 16000.75, 'E');
INSERT INTO RECORRIDO.ACEPTADO (ID_VIAJE, COMENTARIOS, PROPINA, CALIFICACION, HORA_INICIO_CURSO, ETIQUETA, IMPORTE, TIPO_PAGO) VALUES (17, 'Excelente experiencia', 20, 5, '2026-05-22 16:55:00', 'VIP', 17000.80, 'T');
INSERT INTO RECORRIDO.ACEPTADO (ID_VIAJE, COMENTARIOS, PROPINA, CALIFICACION, HORA_INICIO_CURSO, ETIQUETA, IMPORTE, TIPO_PAGO) VALUES (18, 'Servicio premium', 15, 4, '2026-06-15 17:10:00', 'Premium', 18000.65, 'E');
INSERT INTO RECORRIDO.ACEPTADO (ID_VIAJE, COMENTARIOS, PROPINA, CALIFICACION, HORA_INICIO_CURSO, ETIQUETA, IMPORTE, TIPO_PAGO) VALUES (19, 'Conductor atento', 20, 5, '2026-07-10 18:40:00', 'VIP', 19000.40, 'T');
INSERT INTO RECORRIDO.ACEPTADO (ID_VIAJE, COMENTARIOS, PROPINA, CALIFICACION, HORA_INICIO_CURSO, ETIQUETA, IMPORTE, TIPO_PAGO) VALUES (20, 'Conductor respetuoso', 15, 4, '2026-08-05 19:55:00', 'Comfort', 20000.25, 'E');


-- INSERTS PARA LA TABLA QUEJA

INSERT INTO INTERACCION.QUEJA (ID_USUARIO, ID_VEHICULO, ID_ADMINISTRADOR, TITULO, FECHA_EMISION) VALUES (1, 1, 1, 'Retraso en el servicio', '2025-01-15');
INSERT INTO INTERACCION.QUEJA (ID_USUARIO, ID_VEHICULO, ID_ADMINISTRADOR, TITULO, FECHA_EMISION) VALUES (2, 2, 2, 'Conductor no llegó a tiempo', '2025-02-18');
INSERT INTO INTERACCION.QUEJA (ID_USUARIO, ID_VEHICULO, ID_ADMINISTRADOR, TITULO, FECHA_EMISION) VALUES (3, 3, 3, 'Vehículo en malas condiciones', '2025-03-20');
INSERT INTO INTERACCION.QUEJA (ID_USUARIO, ID_VEHICULO, ID_ADMINISTRADOR, TITULO, FECHA_EMISION) VALUES (4, 4, 4, 'Conductor fue grosero', '2025-04-25');
INSERT INTO INTERACCION.QUEJA (ID_USUARIO, ID_VEHICULO, ID_ADMINISTRADOR, TITULO, FECHA_EMISION) VALUES (5, 5, 5, 'Cobro incorrecto', '2025-05-12');
INSERT INTO INTERACCION.QUEJA (ID_USUARIO, ID_VEHICULO, ID_ADMINISTRADOR, TITULO, FECHA_EMISION) VALUES (6, 6, 6, 'Mala atención al cliente', '2025-06-18');
INSERT INTO INTERACCION.QUEJA (ID_USUARIO, ID_VEHICULO, ID_ADMINISTRADOR, TITULO, FECHA_EMISION) VALUES (7, 7, 7, 'Falta de limpieza en el vehículo', '2025-07-22');
INSERT INTO INTERACCION.QUEJA (ID_USUARIO, ID_VEHICULO, ID_ADMINISTRADOR, TITULO, FECHA_EMISION) VALUES (8, 8, 8, 'Vehículo no coincidía con la app', '2025-08-15');
INSERT INTO INTERACCION.QUEJA (ID_USUARIO, ID_VEHICULO, ID_ADMINISTRADOR, TITULO, FECHA_EMISION) VALUES (9, 9, 9, 'Ruta más larga de lo necesario', '2025-09-10');
INSERT INTO INTERACCION.QUEJA (ID_USUARIO, ID_VEHICULO, ID_ADMINISTRADOR, TITULO, FECHA_EMISION) VALUES (10, 10, 10, 'Conductor no siguió las instrucciones', '2025-10-05');
INSERT INTO INTERACCION.QUEJA (ID_USUARIO, ID_VEHICULO, ID_ADMINISTRADOR, TITULO, FECHA_EMISION) VALUES (11, 11, 11, 'Vehículo con problemas mecánicos', '2025-11-12');
INSERT INTO INTERACCION.QUEJA (ID_USUARIO, ID_VEHICULO, ID_ADMINISTRADOR, TITULO, FECHA_EMISION) VALUES (12, 12, 12, 'Conductor no utilizó el cinturón de seguridad', '2025-12-20');
INSERT INTO INTERACCION.QUEJA (ID_USUARIO, ID_VEHICULO, ID_ADMINISTRADOR, TITULO, FECHA_EMISION) VALUES (13, 13, 13, 'Conductor excedió el límite de velocidad', '2026-01-15');
INSERT INTO INTERACCION.QUEJA (ID_USUARIO, ID_VEHICULO, ID_ADMINISTRADOR, TITULO, FECHA_EMISION) VALUES (14, 14, 14, 'Vehículo sucio', '2026-02-25');
INSERT INTO INTERACCION.QUEJA (ID_USUARIO, ID_VEHICULO, ID_ADMINISTRADOR, TITULO, FECHA_EMISION) VALUES (15, 15, 15, 'Música a volumen alto', '2026-03-05');
INSERT INTO INTERACCION.QUEJA (ID_USUARIO, ID_VEHICULO, ID_ADMINISTRADOR, TITULO, FECHA_EMISION) VALUES (16, 16, 16, 'Conductor no usaba mascarilla', '2026-04-18');
INSERT INTO INTERACCION.QUEJA (ID_USUARIO, ID_VEHICULO, ID_ADMINISTRADOR, TITULO, FECHA_EMISION) VALUES (17, 17, 17, 'Conductor usaba el teléfono mientras manejaba', '2026-05-22');
INSERT INTO INTERACCION.QUEJA (ID_USUARIO, ID_VEHICULO, ID_ADMINISTRADOR, TITULO, FECHA_EMISION) VALUES (18, 18, 18, 'Conductor fue irrespetuoso', '2026-06-15');
INSERT INTO INTERACCION.QUEJA (ID_USUARIO, ID_VEHICULO, ID_ADMINISTRADOR, TITULO, FECHA_EMISION) VALUES (19, 19, 19, 'No se siguieron los protocolos de seguridad', '2026-07-10');
INSERT INTO INTERACCION.QUEJA (ID_USUARIO, ID_VEHICULO, ID_ADMINISTRADOR, TITULO, FECHA_EMISION) VALUES (20, 20, 20, 'Conductor tomó una ruta diferente', '2026-08-05');


-- INSERTS PARA LA TABLA RESOLUCION

INSERT INTO RESOLUCION (ID_QUEJA, DESCRIPCION_RESOLUCION, FECHA_ATENDIDO) VALUES (1, 'Reembolso parcial otorgado', '2025-01-20');
INSERT INTO RESOLUCION (ID_QUEJA, DESCRIPCION_RESOLUCION, FECHA_ATENDIDO) VALUES (2, 'Conductor advertido sobre puntualidad', '2025-02-22');
INSERT INTO RESOLUCION (ID_QUEJA, DESCRIPCION_RESOLUCION, FECHA_ATENDIDO) VALUES (3, 'Vehículo revisado y reparado', '2025-03-25');
INSERT INTO RESOLUCION (ID_QUEJA, DESCRIPCION_RESOLUCION, FECHA_ATENDIDO) VALUES (4, 'Conductor recibió advertencia formal', '2025-04-30');
INSERT INTO RESOLUCION (ID_QUEJA, DESCRIPCION_RESOLUCION, FECHA_ATENDIDO) VALUES (5, 'Revisión de cobro realizada', '2025-05-17');
INSERT INTO RESOLUCION (ID_QUEJA, DESCRIPCION_RESOLUCION, FECHA_ATENDIDO) VALUES (6, 'Atención al cliente mejorada', '2025-06-23');
INSERT INTO RESOLUCION (ID_QUEJA, DESCRIPCION_RESOLUCION, FECHA_ATENDIDO) VALUES (7, 'Limpieza del vehículo requerida', '2025-07-27');
INSERT INTO RESOLUCION (ID_QUEJA, DESCRIPCION_RESOLUCION, FECHA_ATENDIDO) VALUES (8, 'Actualización de datos en la app', '2025-08-20');
INSERT INTO RESOLUCION (ID_QUEJA, DESCRIPCION_RESOLUCION, FECHA_ATENDIDO) VALUES (9, 'Ruta ajustada para futuras reservas', '2025-09-15');
INSERT INTO RESOLUCION (ID_QUEJA, DESCRIPCION_RESOLUCION, FECHA_ATENDIDO) VALUES (10, 'Conductor instruido para seguir instrucciones', '2025-10-10');
INSERT INTO RESOLUCION (ID_QUEJA, DESCRIPCION_RESOLUCION, FECHA_ATENDIDO) VALUES (11, 'Vehículo reparado y verificado', '2025-11-17');
INSERT INTO RESOLUCION (ID_QUEJA, DESCRIPCION_RESOLUCION, FECHA_ATENDIDO) VALUES (12, 'Conductor capacitado en seguridad', '2025-12-25');
INSERT INTO RESOLUCION (ID_QUEJA, DESCRIPCION_RESOLUCION, FECHA_ATENDIDO) VALUES (13, 'Conductor multado por velocidad', '2026-01-20');
INSERT INTO RESOLUCION (ID_QUEJA, DESCRIPCION_RESOLUCION, FECHA_ATENDIDO) VALUES (14, 'Vehículo limpiado y verificado', '2026-02-28');
INSERT INTO RESOLUCION (ID_QUEJA, DESCRIPCION_RESOLUCION, FECHA_ATENDIDO) VALUES (15, 'Conductor advertido sobre volumen alto', '2026-03-10');
INSERT INTO RESOLUCION (ID_QUEJA, DESCRIPCION_RESOLUCION, FECHA_ATENDIDO) VALUES (16, 'Conductor informado sobre uso de mascarilla', '2026-04-22');
INSERT INTO RESOLUCION (ID_QUEJA, DESCRIPCION_RESOLUCION, FECHA_ATENDIDO) VALUES (17, 'Conductor sancionado por uso de celular', '2026-05-27');
INSERT INTO RESOLUCION (ID_QUEJA, DESCRIPCION_RESOLUCION, FECHA_ATENDIDO) VALUES (18, 'Conductor suspendido temporalmente', '2026-06-20');
INSERT INTO RESOLUCION (ID_QUEJA, DESCRIPCION_RESOLUCION, FECHA_ATENDIDO) VALUES (19, 'Nuevos protocolos de seguridad implementados', '2026-07-15');
INSERT INTO RESOLUCION (ID_QUEJA, DESCRIPCION_RESOLUCION, FECHA_ATENDIDO) VALUES (20, 'Conductor instruido sobre rutas recomendadas', '2026-08-10');