/***************************************

--------------- cargaInicial -----------------

Autores: TENORIO MARTINEZ JESUS ALEJANDRO, SALAZAR ISALAS LUIS DANIEL, ARAIZA VALDÉS DIEGO ANTONIO

Fecha: 11/05/2025

Descripcion: Este script es para la carga de informacion,
contiene los inserts necesarios para cargar los datos

------------------------------------------


******************************************/

use [APPSAFE_TEAM_UNO_DE_TRES]
go

EXEC sp_MSforeachtable 'ALTER TABLE ? NOCHECK CONSTRAINT ALL';
DELETE FROM RECORRIDO.ACEPTADO;
DELETE FROM RECORRIDO.ACCIDENTE;
DELETE FROM DIRECCION;
DELETE FROM RECORRIDO.TIPO_ACCIDENTE;
DELETE FROM ETIQUETA_ACEPTADO;
DELETE FROM RECORRIDO.ESTATUS_VIAJE;
DELETE FROM RECORRIDO.BITACORA;
DELETE FROM RECORRIDO.VIAJE;
DELETE FROM RECORRIDO.ESTATUS;
DELETE FROM USUARIO_DESCUENTO;
DELETE FROM INTERACCION.DESCUENTO;
DELETE FROM MOTIVO;
DELETE FROM RESOLUCION;
DELETE FROM INTERACCION.QUEJA;
DELETE FROM QUEJA_MOTIVO;
DELETE FROM VEHICULO;
DELETE FROM COLOR;
DELETE FROM MODELO;
DELETE FROM MARCA;
DELETE FROM PAGO;
DELETE FROM PERSONA.CONDUCTOR;
DELETE FROM TELEFONO;
DELETE FROM PERSONA.ADMINISTRADOR;
DELETE FROM INTERACCION.FACTURA;
DELETE FROM INTERACCION.TARJETA;
DELETE FROM BANCO;
DELETE FROM PERSONA.USUARIO;

-- Reinicia los valores de las columnas IDENTITY en las tablas

-- PERSONA.USUARIO
DBCC CHECKIDENT ('PERSONA.USUARIO', RESEED, 0);


-- INTERACCION.TARJETA
DBCC CHECKIDENT ('INTERACCION.TARJETA', RESEED, 0);

-- INTERACCION.FACTURA
DBCC CHECKIDENT ('INTERACCION.FACTURA', RESEED, 0);

-- MARCA
DBCC CHECKIDENT ('MARCA', RESEED, 0);

-- MODELO
DBCC CHECKIDENT ('MODELO', RESEED, 0);


-- VEHICULO
DBCC CHECKIDENT ('VEHICULO', RESEED, 0);


-- MOTIVO
DBCC CHECKIDENT ('MOTIVO', RESEED, 0);

-- INTERACCION.DESCUENTO
DBCC CHECKIDENT ('INTERACCION.DESCUENTO', RESEED, 0);

-- RECORRIDO.ESTATUS
DBCC CHECKIDENT ('RECORRIDO.ESTATUS', RESEED, 0);

-- RECORRIDO.VIAJE
DBCC CHECKIDENT ('RECORRIDO.VIAJE', RESEED, 0);


-- RECORRIDO.BITACORA
DBCC CHECKIDENT ('RECORRIDO.BITACORA', RESEED, 0);


-- INTERACCION.QUEJA
DBCC CHECKIDENT ('INTERACCION.QUEJA', RESEED, 0);

-- RESOLUCION
DBCC CHECKIDENT ('RESOLUCION', RESEED, 0);


-- DIRECCION
DBCC CHECKIDENT ('DIRECCION', RESEED, 0);

--ACCIDENTE
DBCC CHECKIDENT ('recorrido.ACEPTADO',RESEED,0)

-- RECORRIDO.ACCIDENTE
DBCC CHECKIDENT ('RECORRIDO.ACCIDENTE', RESEED, 0);
INSERT INTO PERSONA.USUARIO VALUES (NULL, 'A', 'Miguel', 'Hernandez', 'Lopez', 'A7#TYu*929', 5512345678, 'miguel_h', 'miguel@example.com', '2024-01-01');
INSERT INTO PERSONA.USUARIO VALUES (1, 'D', 'Juan', 'Martinez', 'Garcia', 'B3$XRTY*01', 5512345679, 'juan_m', 'juan@example.com', '2024-01-02');
INSERT INTO PERSONA.USUARIO VALUES (2, 'C', 'Ana', 'Gomez', 'Ramirez', 'C2#RTY*931', 5512345680, 'ana_g', 'ana@example.com', '2024-01-03');
INSERT INTO PERSONA.USUARIO VALUES (3, 'A', 'Laura', 'Perez', 'Torres', 'D5#RTY*29E', 5512345681, 'laura_p', 'laura@example.com', '2024-01-04');
INSERT INTO PERSONA.USUARIO VALUES (4, 'D', 'Jose', 'Sanchez', 'Morales', 'E1*TYU#88D', 5512345682, 'jose_s', 'jose@example.com', '2024-01-05');
INSERT INTO PERSONA.USUARIO VALUES (5, 'C', 'Maria', 'Diaz', 'Fernandez', 'F9$TYU*676', 5512345683, 'maria_d', 'maria@example.com', '2024-01-06');
INSERT INTO PERSONA.USUARIO VALUES (6, 'A', 'Carlos', 'Lopez', 'Gonzalez', 'G4*TYU#182', 5512345684, 'carlos_l', 'carlos@example.com', '2024-01-07');
INSERT INTO PERSONA.USUARIO VALUES (7, 'D', 'Paula', 'Castro', 'Hernandez', 'H8#TYU*34F', 5512345685, 'paula_c', 'paula@example.com', '2024-01-08');
INSERT INTO PERSONA.USUARIO VALUES (8, 'C', 'David', 'Ramirez', 'Martinez', 'I3$TYU*983', 5512345686, 'david_r', 'david@example.com', '2024-01-09');
INSERT INTO PERSONA.USUARIO VALUES (9, 'A', 'Daniela', 'Gutierrez', 'Lopez', 'J6*TYU#21A', 5512345687, 'daniela_g', 'daniela@example.com', '2024-01-10');
INSERT INTO PERSONA.USUARIO VALUES (10, 'D', 'Fernando', 'Garcia', 'Hernandez', 'K2$TYU*45W', 5512345688, 'fernando_g', 'fernando@example.com', '2024-01-11');
INSERT INTO PERSONA.USUARIO VALUES (11, 'C', 'Andrea', 'Martinez', 'Sanchez', 'L8*TYU#893', 5512345689, 'andrea_m', 'andrea@example.com', '2024-01-12');
INSERT INTO PERSONA.USUARIO VALUES (12, 'A', 'Pablo', 'Hernandez', 'Morales', 'M1#TYU*56D', 5512345690, 'pablo_h', 'pablo@example.com', '2024-01-13');
INSERT INTO PERSONA.USUARIO VALUES (13, 'D', 'Gloria', 'Diaz', 'Gomez', 'N7$TYU*23S', 5512345691, 'gloria_d', 'gloria@example.com', '2024-01-14');
INSERT INTO PERSONA.USUARIO VALUES (14, 'C', 'Jorge', 'Morales', 'Hernandez', 'O5*TYU#112', 5512345692, 'jorge_m', 'jorge@example.com', '2024-01-15');
INSERT INTO PERSONA.USUARIO VALUES (15, 'A', 'Rosa', 'Lopez', 'Perez', 'P3$TYU*775', 5512345693, 'rosa_l', 'rosa@example.com', '2024-01-16');
INSERT INTO PERSONA.USUARIO VALUES (16, 'D', 'Alejandro', 'Gomez', 'Ramirez', 'Q9*TYU#001', 5512345694, 'alejandro_g', 'alejandro@example.com', '2024-01-17');
INSERT INTO PERSONA.USUARIO VALUES (17, 'C', 'Sofia', 'Garcia', 'Lopez', 'R2$TYU*66G', 5512345695, 'sofia_g', 'sofia@example.com', '2024-01-18');
INSERT INTO PERSONA.USUARIO VALUES (18, 'A', 'Roberto', 'Perez', 'Gonzalez', 'S4*TYU#332', 5512345696, 'roberto_p', 'roberto@example.com', '2024-01-19');
INSERT INTO PERSONA.USUARIO VALUES (19, 'D', 'Monica', 'Torres', 'Martinez', 'T1#TYU*88F', 5512345697, 'monica_t', 'monica@example.com', '2024-01-20');
INSERT INTO PERSONA.USUARIO 
    (ID_USUARIO_RECOMIENDA, TIPO_USUARIO, NOMBRE_PILA, APELLIDOP, APELLIDOM, CLAVE_ACCESO, NUMERO_CELULAR, NOMBRE_USUARIO, CORREO, FECHA_REGISTRO) 
VALUES (5, 'C', 'Santiago', 'Rios', 'Gonzalez', 'W8#TYU*232', 5512345698, 'santiago_r', 'santiago@example.com', '2024-01-21');

INSERT INTO PERSONA.USUARIO 
    (ID_USUARIO_RECOMIENDA, TIPO_USUARIO, NOMBRE_PILA, APELLIDOP, APELLIDOM, CLAVE_ACCESO, NUMERO_CELULAR, NOMBRE_USUARIO, CORREO, FECHA_REGISTRO) 
VALUES (10, 'C', 'Valeria', 'Mendoza', 'Hernandez', 'Z3$TYU*99F', 5512345699, 'valeria_m', 'valeria@example.com', '2024-01-22');

INSERT INTO PERSONA.USUARIO 
    (ID_USUARIO_RECOMIENDA, TIPO_USUARIO, NOMBRE_PILA, APELLIDOP, APELLIDOM, CLAVE_ACCESO, NUMERO_CELULAR, NOMBRE_USUARIO, CORREO, FECHA_REGISTRO) 
VALUES (8, 'C', 'Emiliano', 'Ruiz', 'Martinez', 'X6*TYU#10Q', 5512345700, 'emiliano_r', 'emiliano@example.com', '2024-01-23');

INSERT INTO PERSONA.USUARIO 
    (ID_USUARIO_RECOMIENDA, TIPO_USUARIO, NOMBRE_PILA, APELLIDOP, APELLIDOM, CLAVE_ACCESO, NUMERO_CELULAR, NOMBRE_USUARIO, CORREO, FECHA_REGISTRO) 
VALUES (6, 'D', 'Daniela', 'Hernández', 'Lopez', 'Pass#1234D', 5512345601, 'daniela_h', 'daniela.h@example.com', '2024-03-12');

INSERT INTO PERSONA.USUARIO 
    (ID_USUARIO_RECOMIENDA, TIPO_USUARIO, NOMBRE_PILA, APELLIDOP, APELLIDOM, CLAVE_ACCESO, NUMERO_CELULAR, NOMBRE_USUARIO, CORREO, FECHA_REGISTRO) 
VALUES (7, 'D', 'Fernando', 'Cruz', 'Martínez', 'Secure#987', 5512345602, 'fernando_c', 'fernando.c@example.com', '2024-03-14');

INSERT INTO PERSONA.USUARIO 
    (ID_USUARIO_RECOMIENDA, TIPO_USUARIO, NOMBRE_PILA, APELLIDOP, APELLIDOM, CLAVE_ACCESO, NUMERO_CELULAR, NOMBRE_USUARIO, CORREO, FECHA_REGISTRO) 
VALUES (8, 'D', 'Lucía', 'Mendoza', 'Ramírez', 'Lucia#2024', 5512345603, 'lucia_m', 'lucia.m@example.com', '2024-03-15');

INSERT INTO PERSONA.USUARIO 
    (ID_USUARIO_RECOMIENDA, TIPO_USUARIO, NOMBRE_PILA, APELLIDOP, APELLIDOM, CLAVE_ACCESO, NUMERO_CELULAR, NOMBRE_USUARIO, CORREO, FECHA_REGISTRO) 
VALUES (9, 'D', 'Carlos', 'Torres', 'Santos', 'CTorre5#DL', 5512345604, 'carlos_t', 'carlos.t@example.com', '2024-03-17');

INSERT INTO PERSONA.USUARIO 
    (ID_USUARIO_RECOMIENDA, TIPO_USUARIO, NOMBRE_PILA, APELLIDOP, APELLIDOM, CLAVE_ACCESO, NUMERO_CELULAR, NOMBRE_USUARIO, CORREO, FECHA_REGISTRO) 
VALUES (8, 'D', 'Emily', 'Ruiz', 'rodriguez', 'X6#TYG*10Q', 5512345740, 'emy_rodri', 'emiliano@gmail.com', '2024-01-23');

INSERT INTO PERSONA.USUARIO 
    (ID_USUARIO_RECOMIENDA, TIPO_USUARIO, NOMBRE_PILA, APELLIDOP, APELLIDOM, CLAVE_ACCESO, NUMERO_CELULAR, NOMBRE_USUARIO, CORREO, FECHA_REGISTRO) 
VALUES (8, 'D', 'Diego', 'Ruiz', 'Santos', 'Z6#JYG*13Q', 5512344320, 'diego_santos', 'diego32@gmail.com', '2024-01-23');
--INSERTS PARA BANCO 

INSERT INTO BANCO (ID_BANCO, NOMBRE_BANCO) VALUES (1, 'BBVA México');
INSERT INTO BANCO (ID_BANCO, NOMBRE_BANCO) VALUES (2, 'Banamex');
INSERT INTO BANCO (ID_BANCO, NOMBRE_BANCO) VALUES (3, 'Santander');
INSERT INTO BANCO (ID_BANCO, NOMBRE_BANCO) VALUES (4, 'HSBC México');
INSERT INTO BANCO (ID_BANCO, NOMBRE_BANCO) VALUES (5, 'Banorte');
INSERT INTO BANCO (ID_BANCO, NOMBRE_BANCO) VALUES (6, 'Scotiabank');
INSERT INTO BANCO (ID_BANCO, NOMBRE_BANCO) VALUES (7, 'Banco Azteca');
INSERT INTO BANCO (ID_BANCO, NOMBRE_BANCO) VALUES (8, 'Inbursa');
INSERT INTO BANCO (ID_BANCO, NOMBRE_BANCO) VALUES (9, 'Banco del Bajío');
INSERT INTO BANCO (ID_BANCO, NOMBRE_BANCO) VALUES (10, 'Banregio');
INSERT INTO BANCO (ID_BANCO, NOMBRE_BANCO) VALUES (11, 'Banco Multiva');
INSERT INTO BANCO (ID_BANCO, NOMBRE_BANCO) VALUES (12, 'Banco Famsa');
INSERT INTO BANCO (ID_BANCO, NOMBRE_BANCO) VALUES (13, 'Afirme');
INSERT INTO BANCO (ID_BANCO, NOMBRE_BANCO) VALUES (14, 'Banco Inmobiliario Mexicano');
INSERT INTO BANCO (ID_BANCO, NOMBRE_BANCO) VALUES (15, 'Banca Mifel');
INSERT INTO BANCO (ID_BANCO, NOMBRE_BANCO) VALUES (16, 'Banco Compartamos');
INSERT INTO BANCO (ID_BANCO, NOMBRE_BANCO) VALUES (17, 'Banco Ve por Más');
INSERT INTO BANCO (ID_BANCO, NOMBRE_BANCO) VALUES (18, 'Banco Sabadell');
INSERT INTO BANCO (ID_BANCO, NOMBRE_BANCO) VALUES (19, 'Consubanco');
INSERT INTO BANCO (ID_BANCO, NOMBRE_BANCO) VALUES (20, 'Bank of America México');
INSERT INTO BANCO (ID_BANCO, NOMBRE_BANCO) VALUES (21, 'Banco BASE');
INSERT INTO BANCO (ID_BANCO, NOMBRE_BANCO) VALUES (22, 'Banco Invex');
INSERT INTO BANCO (ID_BANCO, NOMBRE_BANCO) VALUES (23, 'Intercam Banco');
INSERT INTO BANCO (ID_BANCO, NOMBRE_BANCO) VALUES (24, 'Bansi');
INSERT INTO BANCO (ID_BANCO, NOMBRE_BANCO) VALUES (25, 'Actinver');

-- INSERTS PARA LA TABLA TARJETA

INSERT INTO INTERACCION.TARJETA (NUM_TARJETA, ID_USUARIO, MES, YEAR_TARJETA, ID_BANCO) VALUES 
('1234567890123456', 11, 3, 2025, 1),  -- BBVA México
('2345678901234567', 8, 4, 2025, 2),   -- Banamex
('3456789012345678', 9, 5, 2025, 3),   -- Santander
('4567890123456789', 10, 6, 2025, 4),  -- HSBC México
('5678901234567890', 5, 7, 2025, 5),   -- Banorte
('6789012345678901', 6, 8, 2025, 6),   -- Scotiabank
('7890123456789012', 7, 9, 2025, 7),   -- Banco Azteca
('8901234567890123', 8, 10, 2025, 8),  -- Inbursa
('9012345678901234', 9, 11, 2025, 9),  -- Banco del Bajío
('0123456789012345', 10, 12, 2025, 10),-- Banregio
('1122334455667788', 3, 1, 2026, 11),  -- Banco Multiva
('2233445566778899', 4, 2, 2026, 12),  -- Banco Famsa
('3344556677889900', 5, 3, 2026, 13),  -- Afirme
('4455667788990011', 6, 4, 2026, 14),  -- Banco Inmobiliario Mexicano
('5566778899001122', 7, 5, 2026, 15),  -- Banca Mifel
('6677889900112233', 8, 6, 2026, 16),  -- Banco Compartamos
('7788990011223344', 9, 7, 2026, 17),  -- Banco Ve por Más
('8899001122334455', 10, 8, 2026, 18), -- Banco Sabadell
('9900112233445566', 11, 9, 2026, 19), -- Consubanco
('0011223344556677', 12, 10, 2026, 20),-- Bank of America México
('9988776655443322', 13, 11, 2026, 21),-- Banco BASE
('8877665544332211', 14, 12, 2026, 22),-- Banco Invex
('7766554433221100', 15, 1, 2027, 23), -- Intercam Banco
('6655443322110099', 16, 2, 2027, 24), -- Bansi
('5544332211009988', 17, 3, 2027, 25); -- Actinver


-- INSERTS PARA LA TABLA FACTURA
INSERT INTO INTERACCION.FACTURA (ID_USUARIO, RFC, FECHA_FACTURA, IMPORTE_TOTAL, DIRECCION_FACTURACION) VALUES (4, 'JEST660311XYZ', '2025-01-15', 1200.50, 'Av. Insurgentes 123, Ciudad de México');
INSERT INTO INTERACCION.FACTURA (ID_USUARIO, RFC, FECHA_FACTURA, IMPORTE_TOTAL, DIRECCION_FACTURACION) VALUES (4, 'MARG660312XYZ', '2025-02-18', 2300.00, 'Calle Reforma 456, Ciudad de México');
INSERT INTO INTERACCION.FACTURA (ID_USUARIO, RFC, FECHA_FACTURA, IMPORTE_TOTAL, DIRECCION_FACTURACION) VALUES (4, 'CALT660313XYZ', '2025-03-20', 3450.75, 'Av. Chapultepec 789, Ciudad de México');
INSERT INTO INTERACCION.FACTURA (ID_USUARIO, RFC, FECHA_FACTURA, IMPORTE_TOTAL, DIRECCION_FACTURACION) VALUES (4, 'JUAM660314XYZ', '2025-04-25', 4560.30, 'Paseo de la Reforma 101, Ciudad de México');
INSERT INTO INTERACCION.FACTURA (ID_USUARIO, RFC, FECHA_FACTURA, IMPORTE_TOTAL, DIRECCION_FACTURACION) VALUES (5, 'PEDC660315XYZ', '2025-05-12', 5670.80, 'Periférico 202, Ciudad de México');
INSERT INTO INTERACCION.FACTURA (ID_USUARIO, RFC, FECHA_FACTURA, IMPORTE_TOTAL, DIRECCION_FACTURACION) VALUES (6, 'LUTR660316XYZ', '2025-06-18', 6780.40, 'Calle de los Cipreses 303, Ciudad de México');
INSERT INTO INTERACCION.FACTURA (ID_USUARIO, RFC, FECHA_FACTURA, IMPORTE_TOTAL, DIRECCION_FACTURACION) VALUES (7, 'ANRM660317XYZ', '2025-07-22', 7890.90, 'Avenida Revolución 404, Ciudad de México');
INSERT INTO INTERACCION.FACTURA (ID_USUARIO, RFC, FECHA_FACTURA, IMPORTE_TOTAL, DIRECCION_FACTURACION) VALUES (8, 'FEPS660318XYZ', '2025-08-15', 8901.20, 'Calzada de Tlalpan 505, Ciudad de México');
INSERT INTO INTERACCION.FACTURA (ID_USUARIO, RFC, FECHA_FACTURA, IMPORTE_TOTAL, DIRECCION_FACTURACION) VALUES (9, 'LAMT660319XYZ', '2025-09-10', 9123.45, 'Av. Universidad 606, Ciudad de México');
INSERT INTO INTERACCION.FACTURA (ID_USUARIO, RFC, FECHA_FACTURA, IMPORTE_TOTAL, DIRECCION_FACTURACION) VALUES (10, 'DAGG660320XYZ', '2025-10-05', 10234.60, 'Calzada Ignacio Zaragoza 707, Ciudad de México');
INSERT INTO INTERACCION.FACTURA (ID_USUARIO, RFC, FECHA_FACTURA, IMPORTE_TOTAL, DIRECCION_FACTURACION) VALUES (11, 'ANHL660321XYZ', '2025-11-12', 11000.75, 'Calzada de Guadalupe 808, Ciudad de México');
INSERT INTO INTERACCION.FACTURA (ID_USUARIO, RFC, FECHA_FACTURA, IMPORTE_TOTAL, DIRECCION_FACTURACION) VALUES (12, 'DIRO660322XYZ', '2025-12-20', 12050.90, 'Calle de las Rosas 909, Ciudad de México');
INSERT INTO INTERACCION.FACTURA (ID_USUARIO, RFC, FECHA_FACTURA, IMPORTE_TOTAL, DIRECCION_FACTURACION) VALUES (13, 'PARA660323XYZ', '2026-01-15', 13000.10, 'Av. División del Norte 1001, Ciudad de México');
INSERT INTO INTERACCION.FACTURA (ID_USUARIO, RFC, FECHA_FACTURA, IMPORTE_TOTAL, DIRECCION_FACTURACION) VALUES (14, 'RADI660324XYZ', '2026-02-25', 14000.30, 'Paseo de las Palmas 1102, Ciudad de México');
INSERT INTO INTERACCION.FACTURA (ID_USUARIO, RFC, FECHA_FACTURA, IMPORTE_TOTAL, DIRECCION_FACTURACION) VALUES (15, 'ELMO660325XYZ', '2026-03-05', 15000.50, 'Av. Revolución 1203, Ciudad de México');
INSERT INTO INTERACCION.FACTURA (ID_USUARIO, RFC, FECHA_FACTURA, IMPORTE_TOTAL, DIRECCION_FACTURACION) VALUES (16, 'ROTO660326XYZ', '2026-04-18', 16000.75, 'Periférico Sur 1304, Ciudad de México');
INSERT INTO INTERACCION.FACTURA (ID_USUARIO, RFC, FECHA_FACTURA, IMPORTE_TOTAL, DIRECCION_FACTURACION) VALUES (17, 'MILO660327XYZ', '2026-05-22', 17000.80, 'Av. Coyoacán 1405, Ciudad de México');
INSERT INTO INTERACCION.FACTURA (ID_USUARIO, RFC, FECHA_FACTURA, IMPORTE_TOTAL, DIRECCION_FACTURACION) VALUES (18, 'SOLO660328XYZ', '2026-06-15', 18000.65, 'Calle de los Pinos 1506, Ciudad de México');
INSERT INTO INTERACCION.FACTURA (ID_USUARIO, RFC, FECHA_FACTURA, IMPORTE_TOTAL, DIRECCION_FACTURACION) VALUES (19, 'JOMO660329XYZ', '2026-07-10', 19000.40, 'Avenida de los Insurgentes 1607, Ciudad de México');
INSERT INTO INTERACCION.FACTURA (ID_USUARIO, RFC, FECHA_FACTURA, IMPORTE_TOTAL, DIRECCION_FACTURACION) VALUES (20, 'MOGD660330XYZ', '2026-08-05', 20000.25, 'Calzada Ermita Iztapalapa 1708, Ciudad de México');

-- INSERTS PARA LA TABLA ADMINISTRADOR

INSERT INTO PERSONA.ADMINISTRADOR (ID_USUARIO, FECHA_INGRESO) select ID_USUARIO,FECHA_REGISTRO FROM PERSONA.USUARIO WHERE TIPO_USUARIO = 'A'

-- INSERTS PARA LA TABLA TELEFONO

INSERT INTO TELEFONO (NUM_TELEFONO, ID_USUARIO) VALUES 
(5512345670, 1),
(5512345671, 4),
(5512345672, 7),
(5512345673, 10),
(5512345674, 13),
(5512345675, 16),
(5512345676, 19),
(5512345677, 1),
(5512345678, 4),
(5512345679, 7),
(5512345680, 10),
(5512345681, 13),
(5512345682, 16),
(5512345683, 19),
(5512345684, 1),
(5512345685, 4),
(5512345686, 7),
(5512345687, 10),
(5512345688, 13),
(5512345689, 16),
(5512345690, 19);

-- INSERTS PARA LA TABLA CONDUCTOR

INSERT INTO PERSONA.CONDUCTOR (ID_USUARIO, FECHA_VIGENCIA, DESCRIPCION, FOTO_RECIENTE, NUM_LICENCIA) VALUES 
(2, '2026-08-01', 'Conductor profesional con certificación en manejo seguro.', CAST(0x89012345 AS VARBINARY(MAX)), 89012345),
(5, '2026-01-01', 'Conductor experimentado con más de 5 años de experiencia.', CAST(0x12345678 AS VARBINARY(MAX)), 12345678),
(8, '2026-02-01', 'Conductor profesional con certificación en manejo seguro.', CAST(0x23456789 AS VARBINARY(MAX)), 23456789),
(11, '2026-03-01', 'Conductor con experiencia en rutas urbanas y manejo defensivo.', CAST(0x34567890 AS VARBINARY(MAX)), 34567890),
(14, '2026-04-01', 'Conductor especializado en servicios premium y ejecutivos.', CAST(0x45678901 AS VARBINARY(MAX)), 45678901),
(17, '2026-05-01', 'Conductor capacitado para transporte seguro de personas.', CAST(0x56789012 AS VARBINARY(MAX)), 56789012),
(20, '2026-06-01', 'Conductor con habilidades avanzadas para manejo en tráfico intenso.', CAST(0x67890123 AS VARBINARY(MAX)), 67890123);

INSERT INTO PERSONA.CONDUCTOR (ID_USUARIO, FECHA_VIGENCIA, DESCRIPCION, FOTO_RECIENTE, NUM_LICENCIA) 
VALUES (24, '2026-07-01', 'Conductor con conocimientos avanzados en asistencia vial.', CAST(0x78901234 AS VARBINARY(MAX)), 78901234);

INSERT INTO PERSONA.CONDUCTOR (ID_USUARIO, FECHA_VIGENCIA, DESCRIPCION, FOTO_RECIENTE, NUM_LICENCIA) 
VALUES (25, '2026-08-01', 'Conductor profesional en rutas foráneas y transporte ejecutivo.', CAST(0x89012346 AS VARBINARY(MAX)), 89012346);

INSERT INTO PERSONA.CONDUCTOR (ID_USUARIO, FECHA_VIGENCIA, DESCRIPCION, FOTO_RECIENTE, NUM_LICENCIA) 
VALUES (26, '2026-09-01', 'Conductor capacitado en manejo defensivo y atención al cliente.', CAST(0x90123456 AS VARBINARY(MAX)), 90123456);

INSERT INTO PERSONA.CONDUCTOR (ID_USUARIO, FECHA_VIGENCIA, DESCRIPCION, FOTO_RECIENTE, NUM_LICENCIA) 
VALUES (27, '2026-10-01', 'Conductor con experiencia en transporte urbano nocturno.', CAST(0xA0123456 AS VARBINARY(MAX)), 10123456);

INSERT INTO PERSONA.CONDUCTOR (ID_USUARIO, FECHA_VIGENCIA, DESCRIPCION, FOTO_RECIENTE, NUM_LICENCIA) 
VALUES (28, '2026-10-01', 'Conductor con experiencia en manejo defensivo', CAST(0xA0123456 AS VARBINARY(MAX)), 10123123);

INSERT INTO PERSONA.CONDUCTOR (ID_USUARIO, FECHA_VIGENCIA, DESCRIPCION, FOTO_RECIENTE, NUM_LICENCIA) 
VALUES (29, '2026-10-01', 'Conductor con experiencia en rutas foráneas y transporte ejecutivo', CAST(0xA0124418 AS VARBINARY(MAX)), 10562123);

-- INSERTS PARA LA TABLA PAGO

INSERT INTO PAGO (NUM_PAGO, ID_USUARIO, FECHA_PAGO, MONTO_TOTAL) VALUES 
(10000001, 2, '2025-01-15', 1200.50),
(10000002, 5, '2025-02-18', 2300.00),
(10000003, 8, '2025-03-20', 3450.75),
(10000004, 11, '2025-04-25', 4560.30),
(10000005, 14, '2025-05-12', 5670.80),
(10000006, 17, '2025-06-18', 6780.40),
(10000007, 20, '2025-07-22', 7890.90),
(10000008, 2, '2025-08-15', 8901.20),
(10000009, 5, '2025-09-10', 9123.45),
(10000010, 8, '2025-10-05', 10234.60),
(10000011, 11, '2025-11-12', 11000.75),
(10000012, 14, '2025-12-20', 12050.90),
(10000013, 17, '2026-01-15', 13000.10),
(10000014, 20, '2026-02-25', 14000.30),
(10000015, 2, '2026-03-05', 15000.50),
(10000016, 5, '2026-04-18', 16000.75),
(10000017, 8, '2026-05-22', 17000.80),
(10000018, 11, '2026-06-15', 18000.65),
(10000019, 14, '2026-07-10', 19000.40),
(10000020, 17, '2026-08-05', 20000.25);


-- INSERTS PARA LA TABLA MARCA

INSERT INTO MARCA (MARCA) VALUES ('Toyota');
INSERT INTO MARCA (MARCA) VALUES ('Honda');
INSERT INTO MARCA (MARCA) VALUES ('Ford');
INSERT INTO MARCA (MARCA) VALUES ('Chevrolet');
INSERT INTO MARCA (MARCA) VALUES ('Nissan');
INSERT INTO MARCA (MARCA) VALUES ('BMW');
INSERT INTO MARCA (MARCA) VALUES ('Mercedes-Benz');
INSERT INTO MARCA (MARCA) VALUES ('Audi');
INSERT INTO MARCA (MARCA) VALUES ('Volkswagen');
INSERT INTO MARCA (MARCA) VALUES ('Mazda');
INSERT INTO MARCA (MARCA) VALUES ('Hyundai');
INSERT INTO MARCA (MARCA) VALUES ('Kia');
INSERT INTO MARCA (MARCA) VALUES ('Subaru');
INSERT INTO MARCA (MARCA) VALUES ('Porsche');
INSERT INTO MARCA (MARCA) VALUES ('Ferrari');
INSERT INTO MARCA (MARCA) VALUES ('Lamborghini');
INSERT INTO MARCA (MARCA) VALUES ('Mitsubishi');
INSERT INTO MARCA (MARCA) VALUES ('Jaguar');
INSERT INTO MARCA (MARCA) VALUES ('Land Rover');
INSERT INTO MARCA (MARCA) VALUES ('Tesla');

-- INSERTS PARA LA TABLA MODELO

INSERT INTO MODELO (ID_MARCA, MODELO) VALUES (1, 'Corolla');
INSERT INTO MODELO (ID_MARCA, MODELO) VALUES (1, 'Camry');
INSERT INTO MODELO (ID_MARCA, MODELO) VALUES (2, 'Civic');
INSERT INTO MODELO (ID_MARCA, MODELO) VALUES (2, 'Accord');
INSERT INTO MODELO (ID_MARCA, MODELO) VALUES (3, 'Mustang');
INSERT INTO MODELO (ID_MARCA, MODELO) VALUES (3, 'F-150');
INSERT INTO MODELO (ID_MARCA, MODELO) VALUES (4, 'Silverado');
INSERT INTO MODELO (ID_MARCA, MODELO) VALUES (4, 'Camaro');
INSERT INTO MODELO (ID_MARCA, MODELO) VALUES (5, 'Altima');
INSERT INTO MODELO (ID_MARCA, MODELO) VALUES (5, 'Sentra');
INSERT INTO MODELO (ID_MARCA, MODELO) VALUES (6, '3 Series');
INSERT INTO MODELO (ID_MARCA, MODELO) VALUES (6, 'X5');
INSERT INTO MODELO (ID_MARCA, MODELO) VALUES (7, 'C-Class');
INSERT INTO MODELO (ID_MARCA, MODELO) VALUES (7, 'E-Class');
INSERT INTO MODELO (ID_MARCA, MODELO) VALUES (8, 'A4');
INSERT INTO MODELO (ID_MARCA, MODELO) VALUES (8, 'Q7');
INSERT INTO MODELO (ID_MARCA, MODELO) VALUES (9, 'Jetta');
INSERT INTO MODELO (ID_MARCA, MODELO) VALUES (9, 'Passat');
INSERT INTO MODELO (ID_MARCA, MODELO) VALUES (10, 'Mazda3');
INSERT INTO MODELO (ID_MARCA, MODELO) VALUES (10, 'CX-5');

--INSERTS PARA COLOR 

INSERT INTO COLOR (ID_COLOR, NOMBRE_COLOR) VALUES (1, 'Rojo');
INSERT INTO COLOR (ID_COLOR, NOMBRE_COLOR) VALUES (2, 'Azul');
INSERT INTO COLOR (ID_COLOR, NOMBRE_COLOR) VALUES (3, 'Negro');
INSERT INTO COLOR (ID_COLOR, NOMBRE_COLOR) VALUES (4, 'Blanco');
INSERT INTO COLOR (ID_COLOR, NOMBRE_COLOR) VALUES (5, 'Gris');
INSERT INTO COLOR (ID_COLOR, NOMBRE_COLOR) VALUES (6, 'Verde');
INSERT INTO COLOR (ID_COLOR, NOMBRE_COLOR) VALUES (7, 'Amarillo');
INSERT INTO COLOR (ID_COLOR, NOMBRE_COLOR) VALUES (8, 'Naranja');
INSERT INTO COLOR (ID_COLOR, NOMBRE_COLOR) VALUES (9, 'Plateado');
INSERT INTO COLOR (ID_COLOR, NOMBRE_COLOR) VALUES (10, 'Dorado');
INSERT INTO COLOR (ID_COLOR, NOMBRE_COLOR) VALUES (11, 'Morado');
INSERT INTO COLOR (ID_COLOR, NOMBRE_COLOR) VALUES (12, 'Café');
INSERT INTO COLOR (ID_COLOR, NOMBRE_COLOR) VALUES (13, 'Beige');
INSERT INTO COLOR (ID_COLOR, NOMBRE_COLOR) VALUES (14, 'Rosa');
INSERT INTO COLOR (ID_COLOR, NOMBRE_COLOR) VALUES (15, 'Turquesa');
INSERT INTO COLOR (ID_COLOR, NOMBRE_COLOR) VALUES (16, 'Vino');
INSERT INTO COLOR (ID_COLOR, NOMBRE_COLOR) VALUES (17, 'Aqua');
INSERT INTO COLOR (ID_COLOR, NOMBRE_COLOR) VALUES (18, 'Cobalto');
INSERT INTO COLOR (ID_COLOR, NOMBRE_COLOR) VALUES (19, 'Olivo');
INSERT INTO COLOR (ID_COLOR, NOMBRE_COLOR) VALUES (20, 'Celeste');

-- INSERTS PARA LA TABLA AUTO

INSERT INTO VEHICULO (NUM_SERIE_VEHICULO, ID_USUARIO, ID_MODELO, NUM_PLACA, YEAR_AUTO, DISPONIBLE, COLOR_VEHICULO) 
VALUES 

('1HGCM82633A678901', 5, 2, 'DEF456', 2020, 1, 2),
('1HGCM82633A098765', 8, 3, 'GHI789', 2021, 1, 3),
('1HGCM82633A567890', 11, 4, 'JKL012', 2022, 1, 4),
('1HGCM82633A234567', 14, 5, 'MNO345', 2023, 1, 5),
('1HGCM82633A321098', 20, 7, 'STU901', 2020, 1, 7),
('1HGCM82633A456789', 2, 8, 'VWX234', 2021, 1, 8),
('1HGCM82633A098123', 5, 9, 'YZA567', 2022, 1, 9),
('1HGCM82633A987654', 8, 10, 'BCD890', 2023, 1, 10),
('1HGCM82633A654987', 14, 12, 'HIJ456', 2020, 1, 2),
('1HGCM82633A123789', 17, 13, 'KLM789', 2021, 1, 3),
('1HGCM82633A789654', 20, 14, 'NOP012', 2022, 1, 4),
('1HGCM82633A789652', 28, 14, 'NOP032', 2022, 1, 2),
('1HGCM82633B789682', 29, 14, 'HOP034', 2021, 0, 2);

select * from PERSONA.USUARIO
where TIPO_USUARIO = 'D'


INSERT INTO VEHICULO (NUM_SERIE_VEHICULO, ID_USUARIO, ID_MODELO, NUM_PLACA, YEAR_AUTO, DISPONIBLE, COLOR_VEHICULO) 
VALUES 
('1HGCM82633A111111', 11, 11, 'AAA111', 2023, 1, 1),
('1HGCM82633A222222', 17, 17, 'BBB222', 2022, 1, 2),
('1HGCM82633A333333', 24, 8, 'CCC333', 2021, 1, 3),
('1HGCM82633A444444', 24, 9, 'DDD444', 2020, 1, 4),
('1HGCM82633A555555', 25, 10, 'EEE555', 2023, 1, 5),
('1HGCM82633A666666', 25, 11, 'FFF666', 2022, 1, 6),
('1HGCM82633A777777', 26, 15, 'GGG777', 2021, 1, 7),
('1HGCM82633A888888', 26, 16, 'HHH888', 2020, 1, 8),
('1HGCM82633A999999', 27, 17, 'III999', 2023, 1, 9),
('1HGCM82633A000000', 27, 18, 'JJJ000', 2022, 1, 10);

--INSERTS PARA QUEJA_MOTIVO

INSERT INTO QUEJA_MOTIVO (ID_MOTIVO_QUEJA, DESCRIPCION) VALUES (1, 'Retraso en la llegada del vehículo');
INSERT INTO QUEJA_MOTIVO (ID_MOTIVO_QUEJA, DESCRIPCION) VALUES (2, 'Vehículo en malas condiciones');
INSERT INTO QUEJA_MOTIVO (ID_MOTIVO_QUEJA, DESCRIPCION) VALUES (3, 'Conductor fue grosero');
INSERT INTO QUEJA_MOTIVO (ID_MOTIVO_QUEJA, DESCRIPCION) VALUES (4, 'Cobro incorrecto');
INSERT INTO QUEJA_MOTIVO (ID_MOTIVO_QUEJA, DESCRIPCION) VALUES (5, 'Mala atención al cliente');
INSERT INTO QUEJA_MOTIVO (ID_MOTIVO_QUEJA, DESCRIPCION) VALUES (6, 'Falta de limpieza en el vehículo');
INSERT INTO QUEJA_MOTIVO (ID_MOTIVO_QUEJA, DESCRIPCION) VALUES (7, 'Vehículo no coincidía con la app');
INSERT INTO QUEJA_MOTIVO (ID_MOTIVO_QUEJA, DESCRIPCION) VALUES (8, 'Ruta más larga de lo necesario');
INSERT INTO QUEJA_MOTIVO (ID_MOTIVO_QUEJA, DESCRIPCION) VALUES (9, 'Conductor no siguió las instrucciones');
INSERT INTO QUEJA_MOTIVO (ID_MOTIVO_QUEJA, DESCRIPCION) VALUES (10, 'Vehículo con problemas mecánicos');

-- INSERTS PARA LA TABLA MOTIVO

INSERT INTO MOTIVO (NOMBRE) VALUES 
('Retraso en el servicio'),
('Conductor no llegó a tiempo'),
('Vehículo en malas condiciones'),
('Conductor fue grosero'),
('Cobro incorrecto'),
('Mala atención al cliente'),
('Falta de limpieza en el vehículo'),
('Vehículo no coincidía con la app'),
('Ruta más larga de lo necesario'),
('Conductor no siguió las instrucciones'),
('Vehículo con problemas mecánicos'),
('Conductor no utilizó el cinturón de seguridad'),
('Conductor excedió el límite de velocidad'),
('Vehículo sucio'),
('Música a volumen alto'),
('Conductor no usaba mascarilla'),
('Conductor usaba el teléfono mientras manejaba'),
('Conductor fue irrespetuoso'),
('No se siguieron los protocolos de seguridad'),
('Conductor tomó una ruta diferente');


-- INSERTS PARA LA TABLA DESCUENTO

INSERT INTO INTERACCION.DESCUENTO (DESCRIPCION, ID_MOTIVO, IMPORTE, VIGENCIA) VALUES 
('Descuento por retraso', 1, 150.00, '2025-12-31'),
('Descuento por llegada tardía', 2, 200.00, '2025-12-31'),
('Descuento por vehículo en mal estado', 3, 250.00, '2025-12-31'),
('Descuento por trato grosero', 4, 300.00, '2025-12-31'),
('Descuento por cobro incorrecto', 5, 350.00, '2025-12-31'),
('Descuento por mala atención', 6, 400.00, '2025-12-31'),
('Descuento por falta de limpieza', 7, 450.00, '2025-12-31'),
('Descuento por datos incorrectos en app', 8, 500.00, '2025-12-31'),
('Descuento por ruta más larga', 9, 550.00, '2025-12-31'),
('Descuento por no seguir instrucciones', 10, 600.00, '2025-12-31'),
('Descuento por problemas mecánicos', 11, 650.00, '2025-12-31'),
('Descuento por no usar cinturón', 12, 700.00, '2025-12-31'),
('Descuento por exceso de velocidad', 13, 750.00, '2025-12-31'),
('Descuento por vehículo sucio', 14, 800.00, '2025-12-31'),
('Descuento por música alta', 15, 850.00, '2025-12-31'),
('Descuento por falta de mascarilla', 16, 900.00, '2025-12-31'),
('Descuento por uso de celular', 17, 950.00, '2025-12-31'),
('Descuento por falta de respeto', 18, 1000.00, '2025-12-31'),
('Descuento por falta de protocolos', 19, 1050.00, '2025-12-31'),
('Descuento por ruta incorrecta', 20, 1100.00, '2025-12-31');

-- INSERTS PARA LA TABLA USUARIO_DESCUENTO

INSERT INTO USUARIO_DESCUENTO (ID_USUARIO, ID_DESCUENTO) VALUES (1, 1);
INSERT INTO USUARIO_DESCUENTO (ID_USUARIO, ID_DESCUENTO) VALUES (2, 2);
INSERT INTO USUARIO_DESCUENTO (ID_USUARIO, ID_DESCUENTO) VALUES (3, 3);
INSERT INTO USUARIO_DESCUENTO (ID_USUARIO, ID_DESCUENTO) VALUES (4, 4);
INSERT INTO USUARIO_DESCUENTO (ID_USUARIO, ID_DESCUENTO) VALUES (5, 5);
INSERT INTO USUARIO_DESCUENTO (ID_USUARIO, ID_DESCUENTO) VALUES (6, 6);
INSERT INTO USUARIO_DESCUENTO (ID_USUARIO, ID_DESCUENTO) VALUES (7, 7);
INSERT INTO USUARIO_DESCUENTO (ID_USUARIO, ID_DESCUENTO) VALUES (8, 8);
INSERT INTO USUARIO_DESCUENTO (ID_USUARIO, ID_DESCUENTO) VALUES (9, 9);
INSERT INTO USUARIO_DESCUENTO (ID_USUARIO, ID_DESCUENTO) VALUES (10, 10);
INSERT INTO USUARIO_DESCUENTO (ID_USUARIO, ID_DESCUENTO) VALUES (11, 11);
INSERT INTO USUARIO_DESCUENTO (ID_USUARIO, ID_DESCUENTO) VALUES (12, 12);
INSERT INTO USUARIO_DESCUENTO (ID_USUARIO, ID_DESCUENTO) VALUES (13, 13);
INSERT INTO USUARIO_DESCUENTO (ID_USUARIO, ID_DESCUENTO) VALUES (14, 14);
INSERT INTO USUARIO_DESCUENTO (ID_USUARIO, ID_DESCUENTO) VALUES (15, 15);
INSERT INTO USUARIO_DESCUENTO (ID_USUARIO, ID_DESCUENTO) VALUES (16, 16);
INSERT INTO USUARIO_DESCUENTO (ID_USUARIO, ID_DESCUENTO) VALUES (17, 17);
INSERT INTO USUARIO_DESCUENTO (ID_USUARIO, ID_DESCUENTO) VALUES (18, 18);
INSERT INTO USUARIO_DESCUENTO (ID_USUARIO, ID_DESCUENTO) VALUES (19, 19);
INSERT INTO USUARIO_DESCUENTO (ID_USUARIO, ID_DESCUENTO) VALUES (20, 20);

-- INSERTS PARA LA TABLA ESTATUS

INSERT INTO RECORRIDO.ESTATUS (NOMBRE_ESTATUS) VALUES 
('S'),
('G'),
('C'),
('E'),
('B'),
('P'),
('A'),
('X'),
('T');

-- INSERTS PARA LA TABLA VIAJE

-- Viaje normal: fecha debe ser hoy
INSERT INTO RECORRIDO.VIAJE (ID_FACTURA, ID_VEHICULO, CLAVE_ACTUAL, ID_USUARIO, FECHA_SOLICITUD, LATITUD_DESTINO, LONGITUD_DESTINO, LONGITUD_ORIGEN, LATITUD_ORIGEN, TIPO, TIPO_PAGO, TARJETA_CLIENTE) 
VALUES (1, 1, 1, 1, GETDATE(), '19.4326', '-99.1332', '-99.1400', '19.4400', 'N', 'T', '1234567890123456');

-- Viaje programado: fecha puede ser hasta +2 días
INSERT INTO RECORRIDO.VIAJE 
VALUES (2, 2, 1, 2, DATEADD(DAY, 1, GETDATE()), '19.4327', '-99.1333', '-99.1401', '19.4401', 'P', 'E', '2345678901234567');

-- Viaje normal: fecha debe ser hoy
INSERT INTO RECORRIDO.VIAJE 
VALUES (3, 3, 1, 3, GETDATE(), '19.4328', '-99.1334', '-99.1402', '19.4402', 'N', 'T', '3456789012345678');

-- Viaje programado: fecha válida (2 días adelante)
INSERT INTO RECORRIDO.VIAJE 
VALUES (4, 4, 1, 4, DATEADD(DAY, 2, GETDATE()), '19.4329', '-99.1335', '-99.1403', '19.4403', 'P', 'E', '4567890123456789');

-- Viaje normal: fecha debe ser hoy
INSERT INTO RECORRIDO.VIAJE 
VALUES (5, 5, 1, 5, GETDATE(), '19.4330', '-99.1336', '-99.1404', '19.4404', 'N', 'T', '5678901234567890');

-- 18 INSERTS para RECORRIDO.VIAJE (CLAVE_ACTUAL es el último estatus de la secuencia)
-- Asumimos que los IDs de vehículo y usuario ya existen o se referencian correctamente



-- VIAJES PROGRAMADOS (S → G)
INSERT INTO RECORRIDO.VIAJE VALUES (NULL, 2, 1, 10, GETDATE(), '19.4270', '-99.1276', '-99.1332', '19.4326', 'P', 'E', '1234567890123401');
INSERT INTO RECORRIDO.VIAJE VALUES (NULL, 3, 1, 12, GETDATE(), '19.4270', '-99.1276', '-99.1332', '19.4326', 'P', 'T', '1234567890123402');
INSERT INTO RECORRIDO.VIAJE VALUES (NULL, 4, 1, 13, GETDATE(), '19.4270', '-99.1276', '-99.1332', '19.4326', 'P', 'T', '1234567890123403');
INSERT INTO RECORRIDO.VIAJE VALUES (NULL, 5, 1, 14, GETDATE(), '19.4270', '-99.1276', '-99.1332', '19.4326', 'P', 'E', '1234567890123404');
INSERT INTO RECORRIDO.VIAJE VALUES (NULL, 6, 1, 15, GETDATE(), '19.4270', '-99.1276', '-99.1332', '19.4326', 'P', 'T', '1234567890123405');

INSERT INTO RECORRIDO.ESTATUS_VIAJE (CLAVE_ESTATUS, ID_VIAJE, FECHA_ESTATUS) VALUES (1, 6, GETDATE());
INSERT INTO RECORRIDO.ESTATUS_VIAJE (CLAVE_ESTATUS, ID_VIAJE, FECHA_ESTATUS) VALUES (1, 7, GETDATE());
INSERT INTO RECORRIDO.ESTATUS_VIAJE (CLAVE_ESTATUS, ID_VIAJE, FECHA_ESTATUS) VALUES (1, 8, GETDATE());
INSERT INTO RECORRIDO.ESTATUS_VIAJE (CLAVE_ESTATUS, ID_VIAJE, FECHA_ESTATUS) VALUES (1, 9, GETDATE());
INSERT INTO RECORRIDO.ESTATUS_VIAJE (CLAVE_ESTATUS, ID_VIAJE, FECHA_ESTATUS) VALUES (1, 10, GETDATE());

INSERT INTO RECORRIDO.ESTATUS_VIAJE (CLAVE_ESTATUS, ID_VIAJE, FECHA_ESTATUS) VALUES (2, 6, GETDATE());
INSERT INTO RECORRIDO.ESTATUS_VIAJE (CLAVE_ESTATUS, ID_VIAJE, FECHA_ESTATUS) VALUES (2, 7, GETDATE());
INSERT INTO RECORRIDO.ESTATUS_VIAJE (CLAVE_ESTATUS, ID_VIAJE, FECHA_ESTATUS) VALUES (2, 8, GETDATE());
INSERT INTO RECORRIDO.ESTATUS_VIAJE (CLAVE_ESTATUS, ID_VIAJE, FECHA_ESTATUS) VALUES (2, 9, GETDATE());
INSERT INTO RECORRIDO.ESTATUS_VIAJE (CLAVE_ESTATUS, ID_VIAJE, FECHA_ESTATUS) VALUES (2, 10, GETDATE());

-- VIAJES CANCELADOS (S → G → X)
INSERT INTO RECORRIDO.VIAJE VALUES (NULL, 6, 1, 16, GETDATE(), '19.4270', '-99.1276', '-99.1332', '19.4326', 'N', 'T', '1234567890123406');
INSERT INTO RECORRIDO.VIAJE VALUES (NULL, 7, 1, 17, GETDATE(), '19.4270', '-99.1276', '-99.1332', '19.4326', 'N', 'E', '1234567890123407');
INSERT INTO RECORRIDO.VIAJE VALUES (NULL, 8, 1, 18, GETDATE(), '19.4270', '-99.1276', '-99.1332', '19.4326', 'N', 'T', '1234567890123408');
INSERT INTO RECORRIDO.VIAJE VALUES (NULL, 9, 1, 19, GETDATE(), '19.4270', '-99.1276', '-99.1332', '19.4326', 'N', 'E', '1234567890123409');

INSERT INTO RECORRIDO.ESTATUS_VIAJE (CLAVE_ESTATUS, ID_VIAJE, FECHA_ESTATUS) VALUES (1, 11, GETDATE());
INSERT INTO RECORRIDO.ESTATUS_VIAJE (CLAVE_ESTATUS, ID_VIAJE, FECHA_ESTATUS) VALUES (1, 12, GETDATE());
INSERT INTO RECORRIDO.ESTATUS_VIAJE (CLAVE_ESTATUS, ID_VIAJE, FECHA_ESTATUS) VALUES (1, 13, GETDATE());
INSERT INTO RECORRIDO.ESTATUS_VIAJE (CLAVE_ESTATUS, ID_VIAJE, FECHA_ESTATUS) VALUES (1, 14, GETDATE());

INSERT INTO RECORRIDO.ESTATUS_VIAJE (CLAVE_ESTATUS, ID_VIAJE, FECHA_ESTATUS) VALUES (2, 11, GETDATE());
INSERT INTO RECORRIDO.ESTATUS_VIAJE (CLAVE_ESTATUS, ID_VIAJE, FECHA_ESTATUS) VALUES (2, 12, GETDATE());
INSERT INTO RECORRIDO.ESTATUS_VIAJE (CLAVE_ESTATUS, ID_VIAJE, FECHA_ESTATUS) VALUES (2, 13, GETDATE());
INSERT INTO RECORRIDO.ESTATUS_VIAJE (CLAVE_ESTATUS, ID_VIAJE, FECHA_ESTATUS) VALUES (2, 14, GETDATE());

INSERT INTO RECORRIDO.ESTATUS_VIAJE (CLAVE_ESTATUS, ID_VIAJE, FECHA_ESTATUS) VALUES (8, 11, GETDATE());
INSERT INTO RECORRIDO.ESTATUS_VIAJE (CLAVE_ESTATUS, ID_VIAJE, FECHA_ESTATUS) VALUES (8, 12, GETDATE());
INSERT INTO RECORRIDO.ESTATUS_VIAJE (CLAVE_ESTATUS, ID_VIAJE, FECHA_ESTATUS) VALUES (8, 13, GETDATE());
INSERT INTO RECORRIDO.ESTATUS_VIAJE (CLAVE_ESTATUS, ID_VIAJE, FECHA_ESTATUS) VALUES (8, 14, GETDATE());


-- VIAJES CON ADEUDO (S → G → C → E → B → A)
INSERT INTO RECORRIDO.VIAJE VALUES (NULL, 6, 1, 1, GETDATE(), '19.4270', '-99.1276', '-99.1332', '19.4326', 'P', 'T', '1234567890123410');
INSERT INTO RECORRIDO.VIAJE VALUES (NULL, 7, 1, 2, GETDATE(), '19.4270', '-99.1276', '-99.1332', '19.4326', 'N', 'E', '1234567890123411');
INSERT INTO RECORRIDO.VIAJE VALUES (NULL, 8, 1, 4, GETDATE(), '19.4270', '-99.1276', '-99.1332', '19.4326', 'P', 'T', '1234567890123412');

INSERT INTO RECORRIDO.ESTATUS_VIAJE (CLAVE_ESTATUS, ID_VIAJE, FECHA_ESTATUS) VALUES (1, 15, GETDATE());
INSERT INTO RECORRIDO.ESTATUS_VIAJE (CLAVE_ESTATUS, ID_VIAJE, FECHA_ESTATUS) VALUES (1, 16, GETDATE());
INSERT INTO RECORRIDO.ESTATUS_VIAJE (CLAVE_ESTATUS, ID_VIAJE, FECHA_ESTATUS) VALUES (1, 17, GETDATE());

INSERT INTO RECORRIDO.ESTATUS_VIAJE (CLAVE_ESTATUS, ID_VIAJE, FECHA_ESTATUS) VALUES (2, 15, GETDATE());
INSERT INTO RECORRIDO.ESTATUS_VIAJE (CLAVE_ESTATUS, ID_VIAJE, FECHA_ESTATUS) VALUES (2, 16, GETDATE());
INSERT INTO RECORRIDO.ESTATUS_VIAJE (CLAVE_ESTATUS, ID_VIAJE, FECHA_ESTATUS) VALUES (2, 17, GETDATE());

INSERT INTO RECORRIDO.ESTATUS_VIAJE (CLAVE_ESTATUS, ID_VIAJE, FECHA_ESTATUS) VALUES (3, 15, GETDATE());
INSERT INTO RECORRIDO.ESTATUS_VIAJE (CLAVE_ESTATUS, ID_VIAJE, FECHA_ESTATUS) VALUES (3, 16, GETDATE());
INSERT INTO RECORRIDO.ESTATUS_VIAJE (CLAVE_ESTATUS, ID_VIAJE, FECHA_ESTATUS) VALUES (3, 17, GETDATE());

INSERT INTO RECORRIDO.ESTATUS_VIAJE (CLAVE_ESTATUS, ID_VIAJE, FECHA_ESTATUS) VALUES (4, 15, GETDATE());
INSERT INTO RECORRIDO.ESTATUS_VIAJE (CLAVE_ESTATUS, ID_VIAJE, FECHA_ESTATUS) VALUES (4, 16, GETDATE());
INSERT INTO RECORRIDO.ESTATUS_VIAJE (CLAVE_ESTATUS, ID_VIAJE, FECHA_ESTATUS) VALUES (4, 17, GETDATE());

INSERT INTO RECORRIDO.ESTATUS_VIAJE (CLAVE_ESTATUS, ID_VIAJE, FECHA_ESTATUS) VALUES (5, 15, GETDATE());
INSERT INTO RECORRIDO.ESTATUS_VIAJE (CLAVE_ESTATUS, ID_VIAJE, FECHA_ESTATUS) VALUES (5, 16, GETDATE());
INSERT INTO RECORRIDO.ESTATUS_VIAJE (CLAVE_ESTATUS, ID_VIAJE, FECHA_ESTATUS) VALUES (5, 17, GETDATE());

INSERT INTO RECORRIDO.ESTATUS_VIAJE (CLAVE_ESTATUS, ID_VIAJE, FECHA_ESTATUS) VALUES (6, 15, GETDATE());
INSERT INTO RECORRIDO.ESTATUS_VIAJE (CLAVE_ESTATUS, ID_VIAJE, FECHA_ESTATUS) VALUES (6, 16, GETDATE());
INSERT INTO RECORRIDO.ESTATUS_VIAJE (CLAVE_ESTATUS, ID_VIAJE, FECHA_ESTATUS) VALUES (6, 17, GETDATE());


INSERT INTO RECORRIDO.ESTATUS_VIAJE (CLAVE_ESTATUS, ID_VIAJE, FECHA_ESTATUS) VALUES (7, 15, GETDATE());
INSERT INTO RECORRIDO.ESTATUS_VIAJE (CLAVE_ESTATUS, ID_VIAJE, FECHA_ESTATUS) VALUES (7, 16, GETDATE());
INSERT INTO RECORRIDO.ESTATUS_VIAJE (CLAVE_ESTATUS, ID_VIAJE, FECHA_ESTATUS) VALUES (7, 17, GETDATE());

-- VIAJES SOLO SOLICITADOS (S)
INSERT INTO RECORRIDO.VIAJE VALUES (NULL, 1, 1, 1, GETDATE(), '19.4270', '-99.1276', '-99.1332', '19.4326', 'N', 'T', '1234567890123413');
INSERT INTO RECORRIDO.VIAJE VALUES (NULL, 2, 1, 3, GETDATE(), '19.4270', '-99.1276', '-99.1332', '19.4326', 'P', 'E', '1234567890123414');
INSERT INTO RECORRIDO.VIAJE VALUES (NULL, 3, 1, 5, GETDATE(), '19.4270', '-99.1276', '-99.1332', '19.4326', 'N', 'E', '1234567890123415');
INSERT INTO RECORRIDO.VIAJE VALUES (NULL, 4, 1, 6, GETDATE(), '19.4270', '-99.1276', '-99.1332', '19.4326', 'P', 'T', '1234567890123416');
INSERT INTO RECORRIDO.VIAJE VALUES (NULL, 5, 1, 9, GETDATE(), '19.4270', '-99.1276', '-99.1332', '19.4326', 'N', 'T', '1234567890123417');
INSERT INTO RECORRIDO.VIAJE VALUES (NULL, 6, 1, 11, GETDATE(), '19.4270', '-99.1276', '-99.1332', '19.4326', 'P', 'E', '1234567890123418');

--VIAJES TERMINADOS
-------------------------------------------------------------

-- VIAJES CON ADEUDO (S → G → C → E → B → P -> T)
INSERT INTO RECORRIDO.VIAJE VALUES (NULL, 1, 1, 1, GETDATE(), '19.4270', '-99.1276', '-99.1332', '19.4326', 'P', 'T', '1234567890123410');
INSERT INTO RECORRIDO.VIAJE VALUES (NULL, 2, 1, 2, GETDATE(), '19.4270', '-99.1276', '-99.1332', '19.4326', 'p', 'E', '1234567890123411');
INSERT INTO RECORRIDO.VIAJE VALUES (NULL, 3, 1, 3, GETDATE(), '19.4270', '-99.1276', '-99.1332', '19.4326', 'P', 'T', '1234567890123412');
INSERT INTO RECORRIDO.VIAJE VALUES (NULL, 4, 1, 4, GETDATE(), '19.4280', '-99.1277', '-99.1333', '19.4327', 'P', 'T', '1234567890123413');
INSERT INTO RECORRIDO.VIAJE VALUES (NULL, 5, 1, 5, GETDATE(), '19.4290', '-99.1278', '-99.1334', '19.4328', 'p', 'E', '1234567890123414');
INSERT INTO RECORRIDO.VIAJE VALUES (NULL, 6, 1, 6, GETDATE(), '19.4300', '-99.1279', '-99.1335', '19.4329', 'P', 'T', '1234567890123415');
INSERT INTO RECORRIDO.VIAJE VALUES (NULL, 7, 1, 7, GETDATE(), '19.4310', '-99.1280', '-99.1336', '19.4330', 'p', 'E', '1234567890123416');
INSERT INTO RECORRIDO.VIAJE VALUES (NULL, 8, 1, 8, GETDATE(), '19.4320', '-99.1281', '-99.1337', '19.4331', 'P', 'T', '1234567890123417');
INSERT INTO RECORRIDO.VIAJE VALUES (NULL, 9, 1, 9, GETDATE(), '19.4330', '-99.1282', '-99.1338', '19.4332', 'p', 'E', '1234567890123418');
INSERT INTO RECORRIDO.VIAJE VALUES (NULL, 10, 1, 10, GETDATE(), '19.4340', '-99.1283', '-99.1339', '19.4333', 'P', 'T', '1234567890123419');
INSERT INTO RECORRIDO.VIAJE VALUES (NULL, 11, 1, 11, GETDATE(), '19.4350', '-99.1284', '-99.1340', '19.4334', 'p', 'E', '1234567890123420');
INSERT INTO RECORRIDO.VIAJE VALUES (NULL, 12, 1, 12, GETDATE(), '19.4360', '-99.1285', '-99.1341', '19.4335', 'P', 'T', '1234567890123421');
INSERT INTO RECORRIDO.VIAJE VALUES (NULL, 13, 1, 13, GETDATE(), '19.4370', '-99.1286', '-99.1342', '19.4336', 'p', 'E', '1234567890123422');
INSERT INTO RECORRIDO.VIAJE VALUES (NULL, 14, 1, 14, GETDATE(), '19.4380', '-99.1287', '-99.1343', '19.4337', 'P', 'T', '1234567890123423');
INSERT INTO RECORRIDO.VIAJE VALUES (NULL, 15, 1, 15, GETDATE(), '19.4390', '-99.1288', '-99.1344', '19.4338', 'p', 'E', '1234567890123424');
INSERT INTO RECORRIDO.VIAJE VALUES (NULL, 16, 1, 16, GETDATE(), '19.4400', '-99.1289', '-99.1345', '19.4339', 'P', 'T', '1234567890123425');


INSERT INTO RECORRIDO.ESTATUS_VIAJE (CLAVE_ESTATUS, ID_VIAJE, FECHA_ESTATUS) VALUES (1, 18, GETDATE());
INSERT INTO RECORRIDO.ESTATUS_VIAJE (CLAVE_ESTATUS, ID_VIAJE, FECHA_ESTATUS) VALUES (1, 19, GETDATE());
INSERT INTO RECORRIDO.ESTATUS_VIAJE (CLAVE_ESTATUS, ID_VIAJE, FECHA_ESTATUS) VALUES (1, 20, GETDATE());
INSERT INTO RECORRIDO.ESTATUS_VIAJE (CLAVE_ESTATUS, ID_VIAJE, FECHA_ESTATUS) VALUES (1, 21, GETDATE());
INSERT INTO RECORRIDO.ESTATUS_VIAJE (CLAVE_ESTATUS, ID_VIAJE, FECHA_ESTATUS) VALUES (1, 22, GETDATE());
INSERT INTO RECORRIDO.ESTATUS_VIAJE (CLAVE_ESTATUS, ID_VIAJE, FECHA_ESTATUS) VALUES (1, 23, GETDATE());
INSERT INTO RECORRIDO.ESTATUS_VIAJE (CLAVE_ESTATUS, ID_VIAJE, FECHA_ESTATUS) VALUES (1, 24, GETDATE());
INSERT INTO RECORRIDO.ESTATUS_VIAJE (CLAVE_ESTATUS, ID_VIAJE, FECHA_ESTATUS) VALUES (1, 25, GETDATE());
INSERT INTO RECORRIDO.ESTATUS_VIAJE (CLAVE_ESTATUS, ID_VIAJE, FECHA_ESTATUS) VALUES (1, 26, GETDATE());
INSERT INTO RECORRIDO.ESTATUS_VIAJE (CLAVE_ESTATUS, ID_VIAJE, FECHA_ESTATUS) VALUES (1, 27, GETDATE());
INSERT INTO RECORRIDO.ESTATUS_VIAJE (CLAVE_ESTATUS, ID_VIAJE, FECHA_ESTATUS) VALUES (1, 28, GETDATE());
INSERT INTO RECORRIDO.ESTATUS_VIAJE (CLAVE_ESTATUS, ID_VIAJE, FECHA_ESTATUS) VALUES (1, 29, GETDATE());
INSERT INTO RECORRIDO.ESTATUS_VIAJE (CLAVE_ESTATUS, ID_VIAJE, FECHA_ESTATUS) VALUES (1, 30, GETDATE());
INSERT INTO RECORRIDO.ESTATUS_VIAJE (CLAVE_ESTATUS, ID_VIAJE, FECHA_ESTATUS) VALUES (1, 31, GETDATE());
INSERT INTO RECORRIDO.ESTATUS_VIAJE (CLAVE_ESTATUS, ID_VIAJE, FECHA_ESTATUS) VALUES (1, 32, GETDATE());

INSERT INTO RECORRIDO.ESTATUS_VIAJE (CLAVE_ESTATUS, ID_VIAJE, FECHA_ESTATUS) VALUES (2, 18, GETDATE());
INSERT INTO RECORRIDO.ESTATUS_VIAJE (CLAVE_ESTATUS, ID_VIAJE, FECHA_ESTATUS) VALUES (2, 19, GETDATE());
INSERT INTO RECORRIDO.ESTATUS_VIAJE (CLAVE_ESTATUS, ID_VIAJE, FECHA_ESTATUS) VALUES (2, 20, GETDATE());
INSERT INTO RECORRIDO.ESTATUS_VIAJE (CLAVE_ESTATUS, ID_VIAJE, FECHA_ESTATUS) VALUES (2, 21, GETDATE());
INSERT INTO RECORRIDO.ESTATUS_VIAJE (CLAVE_ESTATUS, ID_VIAJE, FECHA_ESTATUS) VALUES (2, 22, GETDATE());
INSERT INTO RECORRIDO.ESTATUS_VIAJE (CLAVE_ESTATUS, ID_VIAJE, FECHA_ESTATUS) VALUES (2, 23, GETDATE());
INSERT INTO RECORRIDO.ESTATUS_VIAJE (CLAVE_ESTATUS, ID_VIAJE, FECHA_ESTATUS) VALUES (2, 24, GETDATE());
INSERT INTO RECORRIDO.ESTATUS_VIAJE (CLAVE_ESTATUS, ID_VIAJE, FECHA_ESTATUS) VALUES (2, 25, GETDATE());
INSERT INTO RECORRIDO.ESTATUS_VIAJE (CLAVE_ESTATUS, ID_VIAJE, FECHA_ESTATUS) VALUES (2, 26, GETDATE());
INSERT INTO RECORRIDO.ESTATUS_VIAJE (CLAVE_ESTATUS, ID_VIAJE, FECHA_ESTATUS) VALUES (2, 27, GETDATE());
INSERT INTO RECORRIDO.ESTATUS_VIAJE (CLAVE_ESTATUS, ID_VIAJE, FECHA_ESTATUS) VALUES (2, 28, GETDATE());
INSERT INTO RECORRIDO.ESTATUS_VIAJE (CLAVE_ESTATUS, ID_VIAJE, FECHA_ESTATUS) VALUES (2, 29, GETDATE());
INSERT INTO RECORRIDO.ESTATUS_VIAJE (CLAVE_ESTATUS, ID_VIAJE, FECHA_ESTATUS) VALUES (2, 30, GETDATE());
INSERT INTO RECORRIDO.ESTATUS_VIAJE (CLAVE_ESTATUS, ID_VIAJE, FECHA_ESTATUS) VALUES (2, 31, GETDATE());
INSERT INTO RECORRIDO.ESTATUS_VIAJE (CLAVE_ESTATUS, ID_VIAJE, FECHA_ESTATUS) VALUES (2, 32, GETDATE());


INSERT INTO RECORRIDO.ESTATUS_VIAJE (CLAVE_ESTATUS, ID_VIAJE, FECHA_ESTATUS) VALUES (3, 18, GETDATE());
INSERT INTO RECORRIDO.ESTATUS_VIAJE (CLAVE_ESTATUS, ID_VIAJE, FECHA_ESTATUS) VALUES (3, 19, GETDATE());
INSERT INTO RECORRIDO.ESTATUS_VIAJE (CLAVE_ESTATUS, ID_VIAJE, FECHA_ESTATUS) VALUES (3, 20, GETDATE());
INSERT INTO RECORRIDO.ESTATUS_VIAJE (CLAVE_ESTATUS, ID_VIAJE, FECHA_ESTATUS) VALUES (3, 21, GETDATE());
INSERT INTO RECORRIDO.ESTATUS_VIAJE (CLAVE_ESTATUS, ID_VIAJE, FECHA_ESTATUS) VALUES (3, 22, GETDATE());
INSERT INTO RECORRIDO.ESTATUS_VIAJE (CLAVE_ESTATUS, ID_VIAJE, FECHA_ESTATUS) VALUES (3, 23, GETDATE());
INSERT INTO RECORRIDO.ESTATUS_VIAJE (CLAVE_ESTATUS, ID_VIAJE, FECHA_ESTATUS) VALUES (3, 24, GETDATE());
INSERT INTO RECORRIDO.ESTATUS_VIAJE (CLAVE_ESTATUS, ID_VIAJE, FECHA_ESTATUS) VALUES (3, 25, GETDATE());
INSERT INTO RECORRIDO.ESTATUS_VIAJE (CLAVE_ESTATUS, ID_VIAJE, FECHA_ESTATUS) VALUES (3, 26, GETDATE());
INSERT INTO RECORRIDO.ESTATUS_VIAJE (CLAVE_ESTATUS, ID_VIAJE, FECHA_ESTATUS) VALUES (3, 27, GETDATE());
INSERT INTO RECORRIDO.ESTATUS_VIAJE (CLAVE_ESTATUS, ID_VIAJE, FECHA_ESTATUS) VALUES (3, 28, GETDATE());
INSERT INTO RECORRIDO.ESTATUS_VIAJE (CLAVE_ESTATUS, ID_VIAJE, FECHA_ESTATUS) VALUES (3, 29, GETDATE());
INSERT INTO RECORRIDO.ESTATUS_VIAJE (CLAVE_ESTATUS, ID_VIAJE, FECHA_ESTATUS) VALUES (3, 30, GETDATE());
INSERT INTO RECORRIDO.ESTATUS_VIAJE (CLAVE_ESTATUS, ID_VIAJE, FECHA_ESTATUS) VALUES (3, 31, GETDATE());
INSERT INTO RECORRIDO.ESTATUS_VIAJE (CLAVE_ESTATUS, ID_VIAJE, FECHA_ESTATUS) VALUES (3, 32, GETDATE());

INSERT INTO RECORRIDO.ESTATUS_VIAJE (CLAVE_ESTATUS, ID_VIAJE, FECHA_ESTATUS) VALUES (4, 18, GETDATE());
INSERT INTO RECORRIDO.ESTATUS_VIAJE (CLAVE_ESTATUS, ID_VIAJE, FECHA_ESTATUS) VALUES (4, 19, GETDATE());
INSERT INTO RECORRIDO.ESTATUS_VIAJE (CLAVE_ESTATUS, ID_VIAJE, FECHA_ESTATUS) VALUES (4, 20, GETDATE());
INSERT INTO RECORRIDO.ESTATUS_VIAJE (CLAVE_ESTATUS, ID_VIAJE, FECHA_ESTATUS) VALUES (4, 21, GETDATE());
INSERT INTO RECORRIDO.ESTATUS_VIAJE (CLAVE_ESTATUS, ID_VIAJE, FECHA_ESTATUS) VALUES (4, 22, GETDATE());
INSERT INTO RECORRIDO.ESTATUS_VIAJE (CLAVE_ESTATUS, ID_VIAJE, FECHA_ESTATUS) VALUES (4, 23, GETDATE());
INSERT INTO RECORRIDO.ESTATUS_VIAJE (CLAVE_ESTATUS, ID_VIAJE, FECHA_ESTATUS) VALUES (4, 24, GETDATE());
INSERT INTO RECORRIDO.ESTATUS_VIAJE (CLAVE_ESTATUS, ID_VIAJE, FECHA_ESTATUS) VALUES (4, 25, GETDATE());
INSERT INTO RECORRIDO.ESTATUS_VIAJE (CLAVE_ESTATUS, ID_VIAJE, FECHA_ESTATUS) VALUES (4, 26, GETDATE());
INSERT INTO RECORRIDO.ESTATUS_VIAJE (CLAVE_ESTATUS, ID_VIAJE, FECHA_ESTATUS) VALUES (4, 27, GETDATE());
INSERT INTO RECORRIDO.ESTATUS_VIAJE (CLAVE_ESTATUS, ID_VIAJE, FECHA_ESTATUS) VALUES (4, 28, GETDATE());
INSERT INTO RECORRIDO.ESTATUS_VIAJE (CLAVE_ESTATUS, ID_VIAJE, FECHA_ESTATUS) VALUES (4, 29, GETDATE());
INSERT INTO RECORRIDO.ESTATUS_VIAJE (CLAVE_ESTATUS, ID_VIAJE, FECHA_ESTATUS) VALUES (4, 30, GETDATE());
INSERT INTO RECORRIDO.ESTATUS_VIAJE (CLAVE_ESTATUS, ID_VIAJE, FECHA_ESTATUS) VALUES (4, 31, GETDATE());
INSERT INTO RECORRIDO.ESTATUS_VIAJE (CLAVE_ESTATUS, ID_VIAJE, FECHA_ESTATUS) VALUES (4, 32, GETDATE());

INSERT INTO RECORRIDO.ESTATUS_VIAJE (CLAVE_ESTATUS, ID_VIAJE, FECHA_ESTATUS) VALUES (5, 18, GETDATE());
INSERT INTO RECORRIDO.ESTATUS_VIAJE (CLAVE_ESTATUS, ID_VIAJE, FECHA_ESTATUS) VALUES (5, 19, GETDATE());
INSERT INTO RECORRIDO.ESTATUS_VIAJE (CLAVE_ESTATUS, ID_VIAJE, FECHA_ESTATUS) VALUES (5, 20, GETDATE());
INSERT INTO RECORRIDO.ESTATUS_VIAJE (CLAVE_ESTATUS, ID_VIAJE, FECHA_ESTATUS) VALUES (5, 21, GETDATE());
INSERT INTO RECORRIDO.ESTATUS_VIAJE (CLAVE_ESTATUS, ID_VIAJE, FECHA_ESTATUS) VALUES (5, 22, GETDATE());
INSERT INTO RECORRIDO.ESTATUS_VIAJE (CLAVE_ESTATUS, ID_VIAJE, FECHA_ESTATUS) VALUES (5, 23, GETDATE());
INSERT INTO RECORRIDO.ESTATUS_VIAJE (CLAVE_ESTATUS, ID_VIAJE, FECHA_ESTATUS) VALUES (5, 24, GETDATE());
INSERT INTO RECORRIDO.ESTATUS_VIAJE (CLAVE_ESTATUS, ID_VIAJE, FECHA_ESTATUS) VALUES (5, 25, GETDATE());
INSERT INTO RECORRIDO.ESTATUS_VIAJE (CLAVE_ESTATUS, ID_VIAJE, FECHA_ESTATUS) VALUES (5, 26, GETDATE());
INSERT INTO RECORRIDO.ESTATUS_VIAJE (CLAVE_ESTATUS, ID_VIAJE, FECHA_ESTATUS) VALUES (5, 27, GETDATE());
INSERT INTO RECORRIDO.ESTATUS_VIAJE (CLAVE_ESTATUS, ID_VIAJE, FECHA_ESTATUS) VALUES (5, 28, GETDATE());
INSERT INTO RECORRIDO.ESTATUS_VIAJE (CLAVE_ESTATUS, ID_VIAJE, FECHA_ESTATUS) VALUES (5, 29, GETDATE());
INSERT INTO RECORRIDO.ESTATUS_VIAJE (CLAVE_ESTATUS, ID_VIAJE, FECHA_ESTATUS) VALUES (5, 30, GETDATE());
INSERT INTO RECORRIDO.ESTATUS_VIAJE (CLAVE_ESTATUS, ID_VIAJE, FECHA_ESTATUS) VALUES (5, 31, GETDATE());
INSERT INTO RECORRIDO.ESTATUS_VIAJE (CLAVE_ESTATUS, ID_VIAJE, FECHA_ESTATUS) VALUES (5, 32, GETDATE());

INSERT INTO RECORRIDO.ESTATUS_VIAJE (CLAVE_ESTATUS, ID_VIAJE, FECHA_ESTATUS) VALUES (6, 18, GETDATE());
INSERT INTO RECORRIDO.ESTATUS_VIAJE (CLAVE_ESTATUS, ID_VIAJE, FECHA_ESTATUS) VALUES (6, 19, GETDATE());
INSERT INTO RECORRIDO.ESTATUS_VIAJE (CLAVE_ESTATUS, ID_VIAJE, FECHA_ESTATUS) VALUES (6, 20, GETDATE());
INSERT INTO RECORRIDO.ESTATUS_VIAJE (CLAVE_ESTATUS, ID_VIAJE, FECHA_ESTATUS) VALUES (6, 21, GETDATE());
INSERT INTO RECORRIDO.ESTATUS_VIAJE (CLAVE_ESTATUS, ID_VIAJE, FECHA_ESTATUS) VALUES (6, 22, GETDATE());
INSERT INTO RECORRIDO.ESTATUS_VIAJE (CLAVE_ESTATUS, ID_VIAJE, FECHA_ESTATUS) VALUES (6, 23, GETDATE());
INSERT INTO RECORRIDO.ESTATUS_VIAJE (CLAVE_ESTATUS, ID_VIAJE, FECHA_ESTATUS) VALUES (6, 24, GETDATE());
INSERT INTO RECORRIDO.ESTATUS_VIAJE (CLAVE_ESTATUS, ID_VIAJE, FECHA_ESTATUS) VALUES (6, 25, GETDATE());
INSERT INTO RECORRIDO.ESTATUS_VIAJE (CLAVE_ESTATUS, ID_VIAJE, FECHA_ESTATUS) VALUES (6, 26, GETDATE());
INSERT INTO RECORRIDO.ESTATUS_VIAJE (CLAVE_ESTATUS, ID_VIAJE, FECHA_ESTATUS) VALUES (6, 27, GETDATE());
INSERT INTO RECORRIDO.ESTATUS_VIAJE (CLAVE_ESTATUS, ID_VIAJE, FECHA_ESTATUS) VALUES (6, 28, GETDATE());
INSERT INTO RECORRIDO.ESTATUS_VIAJE (CLAVE_ESTATUS, ID_VIAJE, FECHA_ESTATUS) VALUES (6, 29, GETDATE());
INSERT INTO RECORRIDO.ESTATUS_VIAJE (CLAVE_ESTATUS, ID_VIAJE, FECHA_ESTATUS) VALUES (6, 30, GETDATE());
INSERT INTO RECORRIDO.ESTATUS_VIAJE (CLAVE_ESTATUS, ID_VIAJE, FECHA_ESTATUS) VALUES (6, 31, GETDATE());
INSERT INTO RECORRIDO.ESTATUS_VIAJE (CLAVE_ESTATUS, ID_VIAJE, FECHA_ESTATUS) VALUES (6, 32, GETDATE());

INSERT INTO RECORRIDO.ESTATUS_VIAJE (CLAVE_ESTATUS, ID_VIAJE, FECHA_ESTATUS) VALUES (9, 18, GETDATE());
INSERT INTO RECORRIDO.ESTATUS_VIAJE (CLAVE_ESTATUS, ID_VIAJE, FECHA_ESTATUS) VALUES (9, 19, GETDATE());
INSERT INTO RECORRIDO.ESTATUS_VIAJE (CLAVE_ESTATUS, ID_VIAJE, FECHA_ESTATUS) VALUES (9, 20, GETDATE());
INSERT INTO RECORRIDO.ESTATUS_VIAJE (CLAVE_ESTATUS, ID_VIAJE, FECHA_ESTATUS) VALUES (9, 21, GETDATE());
INSERT INTO RECORRIDO.ESTATUS_VIAJE (CLAVE_ESTATUS, ID_VIAJE, FECHA_ESTATUS) VALUES (9, 22, GETDATE());
INSERT INTO RECORRIDO.ESTATUS_VIAJE (CLAVE_ESTATUS, ID_VIAJE, FECHA_ESTATUS) VALUES (9, 23, GETDATE());
INSERT INTO RECORRIDO.ESTATUS_VIAJE (CLAVE_ESTATUS, ID_VIAJE, FECHA_ESTATUS) VALUES (9, 24, GETDATE());
INSERT INTO RECORRIDO.ESTATUS_VIAJE (CLAVE_ESTATUS, ID_VIAJE, FECHA_ESTATUS) VALUES (9, 25, GETDATE());
INSERT INTO RECORRIDO.ESTATUS_VIAJE (CLAVE_ESTATUS, ID_VIAJE, FECHA_ESTATUS) VALUES (9, 26, GETDATE());
INSERT INTO RECORRIDO.ESTATUS_VIAJE (CLAVE_ESTATUS, ID_VIAJE, FECHA_ESTATUS) VALUES (9, 27, GETDATE());
INSERT INTO RECORRIDO.ESTATUS_VIAJE (CLAVE_ESTATUS, ID_VIAJE, FECHA_ESTATUS) VALUES (9, 28, GETDATE());
INSERT INTO RECORRIDO.ESTATUS_VIAJE (CLAVE_ESTATUS, ID_VIAJE, FECHA_ESTATUS) VALUES (9, 29, GETDATE());
INSERT INTO RECORRIDO.ESTATUS_VIAJE (CLAVE_ESTATUS, ID_VIAJE, FECHA_ESTATUS) VALUES (9, 30, GETDATE());
INSERT INTO RECORRIDO.ESTATUS_VIAJE (CLAVE_ESTATUS, ID_VIAJE, FECHA_ESTATUS) VALUES (9, 31, GETDATE());
INSERT INTO RECORRIDO.ESTATUS_VIAJE (CLAVE_ESTATUS, ID_VIAJE, FECHA_ESTATUS) VALUES (9, 32, GETDATE());
-------------------------------------------------------------

-- INSERTS PARA LA TABLA BITACORA

INSERT INTO RECORRIDO.BITACORA (ID_VIAJE, LATITUD, LONGITUD) VALUES (1, '19.4326', '-99.1332');
INSERT INTO RECORRIDO.BITACORA (ID_VIAJE, LATITUD, LONGITUD) VALUES (2, '19.4327', '-99.1333');
INSERT INTO RECORRIDO.BITACORA (ID_VIAJE, LATITUD, LONGITUD) VALUES (3, '19.4328', '-99.1334');
INSERT INTO RECORRIDO.BITACORA (ID_VIAJE, LATITUD, LONGITUD) VALUES (4, '19.4329', '-99.1335');
INSERT INTO RECORRIDO.BITACORA (ID_VIAJE, LATITUD, LONGITUD) VALUES (5, '19.4330', '-99.1336');

-- INSERTS PARA LA TABLA ESTATUS_VIAJE

INSERT INTO RECORRIDO.ESTATUS_VIAJE (CLAVE_ESTATUS, ID_VIAJE, FECHA_ESTATUS) VALUES (1, 1, '2025-01-15 10:05:00');
INSERT INTO RECORRIDO.ESTATUS_VIAJE (CLAVE_ESTATUS, ID_VIAJE, FECHA_ESTATUS) VALUES (1, 2, '2025-02-18 11:35:00');
INSERT INTO RECORRIDO.ESTATUS_VIAJE (CLAVE_ESTATUS, ID_VIAJE, FECHA_ESTATUS) VALUES (1, 3, '2025-03-20 09:20:00');
INSERT INTO RECORRIDO.ESTATUS_VIAJE (CLAVE_ESTATUS, ID_VIAJE, FECHA_ESTATUS) VALUES (1, 4, '2025-04-25 12:50:00');
INSERT INTO RECORRIDO.ESTATUS_VIAJE (CLAVE_ESTATUS, ID_VIAJE, FECHA_ESTATUS) VALUES (1, 5, '2025-05-12 14:05:00');


-- INSERTS PARA LA TABLA ACEPTADO

INSERT INTO ETIQUETA_ACEPTADO (ID_ETIQUETA_ACEPTADO, DESCRIPCION) VALUES (1, 'Aceptado sin observaciones');
INSERT INTO ETIQUETA_ACEPTADO (ID_ETIQUETA_ACEPTADO, DESCRIPCION) VALUES (2, 'Aceptado con retraso');
INSERT INTO ETIQUETA_ACEPTADO (ID_ETIQUETA_ACEPTADO, DESCRIPCION) VALUES (3, 'Aceptado con queja del cliente');
INSERT INTO ETIQUETA_ACEPTADO (ID_ETIQUETA_ACEPTADO, DESCRIPCION) VALUES (4, 'Aceptado por administrador');
INSERT INTO ETIQUETA_ACEPTADO (ID_ETIQUETA_ACEPTADO, DESCRIPCION) VALUES (5, 'Aceptado condicionalmente');

-- INSERTS PARA LA TABLA QUEJA

INSERT INTO INTERACCION.QUEJA (ID_USUARIO, ID_VEHICULO, ID_ADMINISTRADOR, ID_MOTIVO_QUEJA, DESCRIPCION, FECHA_EMISION) VALUES (1, 1, 10, 1, 'El conductor fue grosero con el pasajero', '2025-05-25');
INSERT INTO INTERACCION.QUEJA (ID_USUARIO, ID_VEHICULO, ID_ADMINISTRADOR, ID_MOTIVO_QUEJA, DESCRIPCION, FECHA_EMISION) VALUES (2, 2, 10, 2, 'La unidad no estaba limpia', '2025-05-25');
INSERT INTO INTERACCION.QUEJA (ID_USUARIO, ID_VEHICULO, ID_ADMINISTRADOR, ID_MOTIVO_QUEJA, DESCRIPCION, FECHA_EMISION) VALUES (3, 3, 10, 3, 'El viaje se retrasó considerablemente', '2025-05-25');
INSERT INTO INTERACCION.QUEJA (ID_USUARIO, ID_VEHICULO, ID_ADMINISTRADOR, ID_MOTIVO_QUEJA, DESCRIPCION, FECHA_EMISION) VALUES (4, 4, 7, 4, 'El conductor tomó una ruta innecesariamente larga', '2025-05-25');
INSERT INTO INTERACCION.QUEJA (ID_USUARIO, ID_VEHICULO, ID_ADMINISTRADOR, ID_MOTIVO_QUEJA, DESCRIPCION, FECHA_EMISION) VALUES (5, 5, 7, 5, 'El vehículo no era el que aparecía en la app', '2025-05-25');


-- INSERTS PARA LA TABLA RESOLUCION

INSERT INTO RESOLUCION (ID_QUEJA, DESCRIPCION_RESOLUCION, FECHA_ATENDIDO) VALUES (1, 'Conductor recibió advertencia formal', '2025-05-25');
INSERT INTO RESOLUCION (ID_QUEJA, DESCRIPCION_RESOLUCION, FECHA_ATENDIDO) VALUES (2, 'Unidad revisada y limpiada', '2025-05-25');
INSERT INTO RESOLUCION (ID_QUEJA, DESCRIPCION_RESOLUCION, FECHA_ATENDIDO) VALUES (3, 'Conductor advertido sobre puntualidad', '2025-05-25');
INSERT INTO RESOLUCION (ID_QUEJA, DESCRIPCION_RESOLUCION, FECHA_ATENDIDO) VALUES (4, 'Conductor recibió advertencia formal', '2025-05-25');
INSERT INTO RESOLUCION (ID_QUEJA, DESCRIPCION_RESOLUCION, FECHA_ATENDIDO) VALUES (5, 'Revisión de vehiculo realizada', '2025-05-25');

--INSERTS PARA LA TABLA ACCIDENTE

INSERT INTO RECORRIDO.TIPO_ACCIDENTE (ID_TIPO_ACCIDENTE, DESCRIPCION) VALUES (1, 'Colisión con otro vehículo');
INSERT INTO RECORRIDO.TIPO_ACCIDENTE (ID_TIPO_ACCIDENTE, DESCRIPCION) VALUES (2, 'Atropellamiento de peatón');
INSERT INTO RECORRIDO.TIPO_ACCIDENTE (ID_TIPO_ACCIDENTE, DESCRIPCION) VALUES (3, 'Choque con objeto fijo');
INSERT INTO RECORRIDO.TIPO_ACCIDENTE (ID_TIPO_ACCIDENTE, DESCRIPCION) VALUES (4, 'Volcadura');
INSERT INTO RECORRIDO.TIPO_ACCIDENTE (ID_TIPO_ACCIDENTE, DESCRIPCION) VALUES (5, 'Alcance por la parte trasera');
INSERT INTO RECORRIDO.TIPO_ACCIDENTE (ID_TIPO_ACCIDENTE, DESCRIPCION) VALUES (6, 'Colisión lateral');
INSERT INTO RECORRIDO.TIPO_ACCIDENTE (ID_TIPO_ACCIDENTE, DESCRIPCION) VALUES (7, 'Falla mecánica en movimiento');
INSERT INTO RECORRIDO.TIPO_ACCIDENTE (ID_TIPO_ACCIDENTE, DESCRIPCION) VALUES (8, 'Explosión o incendio del vehículo');
INSERT INTO RECORRIDO.TIPO_ACCIDENTE (ID_TIPO_ACCIDENTE, DESCRIPCION) VALUES (9, 'Accidente en cruce ferroviario');
INSERT INTO RECORRIDO.TIPO_ACCIDENTE (ID_TIPO_ACCIDENTE, DESCRIPCION) VALUES (10, 'Desperfecto por condiciones climáticas');

--INSERTS PATA LA TABLA DIRECCION

INSERT INTO DIRECCION (CALLE, NUM_EXTERIOR, CIUDAD) VALUES ('Av. Insurgentes Sur', 1234, 'Ciudad de México');
INSERT INTO DIRECCION (CALLE, NUM_EXTERIOR, CIUDAD) VALUES ('Paseo de la Reforma', 567, 'Ciudad de México');
INSERT INTO DIRECCION (CALLE, NUM_EXTERIOR, CIUDAD) VALUES ('Blvd. Gustavo Díaz Ordaz', 890, 'Monterrey');
INSERT INTO DIRECCION (CALLE, NUM_EXTERIOR, CIUDAD) VALUES ('Av. Juárez', 45, 'Guadalajara');
INSERT INTO DIRECCION (CALLE, NUM_EXTERIOR, CIUDAD) VALUES ('Calle 5 de Febrero', 678, 'Querétaro');
INSERT INTO DIRECCION (CALLE, NUM_EXTERIOR, CIUDAD) VALUES ('Av. Universidad', 789, 'San Luis Potosí');
INSERT INTO DIRECCION (CALLE, NUM_EXTERIOR, CIUDAD) VALUES ('Calle Morelos', 321, 'Puebla');
INSERT INTO DIRECCION (CALLE, NUM_EXTERIOR, CIUDAD) VALUES ('Calle Independencia', 234, 'Toluca');
INSERT INTO DIRECCION (CALLE, NUM_EXTERIOR, CIUDAD) VALUES ('Av. Revolución', 555, 'Tijuana');
INSERT INTO DIRECCION (CALLE, NUM_EXTERIOR, CIUDAD) VALUES ('Av. Lázaro Cárdenas', 876, 'León');


INSERT INTO RECORRIDO.ACEPTADO 
(ID_VIAJE, COMENTARIOS, PROPINA, CALIFICACION_CONDUCTOR, CALIFICACION_USUARIO, HORA_INICIO_CURSO, ID_ETIQUETA_ACEPTADO, IMPORTE)
VALUES
(18, 'Buen servicio, sin problemas.', 10.00, 5, 5, '2025-01-15 10:00:00', 1, 150.00),
(19, 'Conductor llegó tarde.', 0.00, 3, 4, '2025-01-11 11:30:00', 2, 200.00),
(20, 'Vehículo limpio y conductor amable.', 15.00, 5, 5, '2025-01-20 09:15:00', 1, 250.00),
(21, 'Ruta más larga de lo necesario.', 0.00, 2, 3, '2025-04-25 12:45:00', 3, 300.00),
(22, 'Conductor fue grosero.', 0.00, 1, 2, '2025-05-12 14:00:00', 3, 350.00),
(23, 'Servicio aceptable.', 10.00, 4, 4, '2025-06-18 10:00:00', 1, 400.00),
(24, 'Conductor tomó una ruta alternativa.', 10.00, 4, 3, '2025-07-22 09:30:00', 4, 450.00),
(25, 'Vehículo en malas condiciones.', 0.00, 2, 2, '2025-08-15 11:00:00', 3, 500.00),
(26, 'Excelente servicio, conductor muy amable.', 20.00, 5, 5, '2025-09-10 08:45:00', 1, 550.00),
(27, 'Conductor no siguió las instrucciones.', 0.00, 3, 3, '2025-10-05 10:15:00', 3, 600.00),
(28, 'Conductor muy amable y puntual.', 20.00, 5, 5, '2025-11-12 09:00:00', 1, 120.00),
(29, 'El viaje fue cómodo, pero el conductor llegó tarde.', 15.00, 4, 4, '2025-12-20 10:30:00', 2, 180.00),
(30, 'El conductor fue grosero durante el viaje.', 0.00, 2, 3, '2026-01-15 11:15:00', 3, 150.00),
(31, 'El vehículo estaba limpio y el conductor fue profesional.', 15.00, 5, 5, '2026-02-25 08:45:00', 1, 200.00),
(32, 'El conductor tomó una ruta más larga de lo necesario.', 0.00, 3, 3, '2026-03-05 12:00:00', 3, 170.00);
--INSERTS PARA LA TABLA RECORRIDO ACCIDENTE

INSERT INTO RECORRIDO.ACCIDENTE (ID_TIPO_ACCIDENTE, FECHA_INCIDENTE, HERIDOS, MONTO_GASTADO, CONDUCTOR_RESPONSABLE, UBICACION, DESCRIPCION,ID_ACEPTADO)
VALUES (1, GETDATE(), 1, 15000.00, 1, 1, 'Colisión con otro vehículo en cruce semaforizado',1);

INSERT INTO RECORRIDO.ACCIDENTE (ID_TIPO_ACCIDENTE, FECHA_INCIDENTE, HERIDOS, MONTO_GASTADO, CONDUCTOR_RESPONSABLE, UBICACION, DESCRIPCION,ID_ACEPTADO)
VALUES (2, GETDATE(), 0, 5000.00, 0, 2, 'Robo de autopartes sin daños personales',2);

INSERT INTO RECORRIDO.ACCIDENTE (ID_TIPO_ACCIDENTE, FECHA_INCIDENTE, HERIDOS, MONTO_GASTADO, CONDUCTOR_RESPONSABLE, UBICACION, DESCRIPCION,ID_ACEPTADO)
VALUES (3, GETDATE(), 1, 8700.00, 1, 3, 'Derrape por pavimento mojado',3);

INSERT INTO RECORRIDO.ACCIDENTE (ID_TIPO_ACCIDENTE, FECHA_INCIDENTE, HERIDOS, MONTO_GASTADO, CONDUCTOR_RESPONSABLE, UBICACION, DESCRIPCION,ID_ACEPTADO)
VALUES (4, GETDATE(), 0, 3000.00, 0, 4, 'Vandalismo en parabrisas y retrovisores',4);

INSERT INTO RECORRIDO.ACCIDENTE (ID_TIPO_ACCIDENTE, FECHA_INCIDENTE, HERIDOS, MONTO_GASTADO, CONDUCTOR_RESPONSABLE, UBICACION, DESCRIPCION,ID_ACEPTADO)
VALUES (5, GETDATE(), 0, 12000.00, 1, 5, 'Choque con objeto fijo',5);

INSERT INTO RECORRIDO.ACCIDENTE (ID_TIPO_ACCIDENTE, FECHA_INCIDENTE, HERIDOS, MONTO_GASTADO, CONDUCTOR_RESPONSABLE, UBICACION, DESCRIPCION,ID_ACEPTADO)
VALUES (6, GETDATE(), 1, 9400.00, 1, 6, 'Impacto trasero por no respetar distancia',6);

INSERT INTO RECORRIDO.ACCIDENTE (ID_TIPO_ACCIDENTE, FECHA_INCIDENTE, HERIDOS, MONTO_GASTADO, CONDUCTOR_RESPONSABLE, UBICACION, DESCRIPCION,ID_ACEPTADO)
VALUES (7, GETDATE(), 0, 8000.00, 0, 7, 'Intento de robo con daño a puerta',7);

INSERT INTO RECORRIDO.ACCIDENTE (ID_TIPO_ACCIDENTE, FECHA_INCIDENTE, HERIDOS, MONTO_GASTADO, CONDUCTOR_RESPONSABLE, UBICACION, DESCRIPCION,ID_ACEPTADO)
VALUES (8, GETDATE(), 1, 11000.00, 1, 8, 'Accidente múltiple en vía rápida',8);

INSERT INTO RECORRIDO.ACCIDENTE (ID_TIPO_ACCIDENTE, FECHA_INCIDENTE, HERIDOS, MONTO_GASTADO, CONDUCTOR_RESPONSABLE, UBICACION, DESCRIPCION,ID_ACEPTADO)
VALUES (9, GETDATE(), 0, 2200.00, 0, 9, 'Cristal roto por caída de objeto',9);

INSERT INTO RECORRIDO.ACCIDENTE (ID_TIPO_ACCIDENTE, FECHA_INCIDENTE, HERIDOS, MONTO_GASTADO, CONDUCTOR_RESPONSABLE, UBICACION, DESCRIPCION,ID_ACEPTADO)
VALUES (10, GETDATE(), 0, 3600.00, 1, 10, 'Golpe lateral en estacionamiento',10);

