/***************************************

--------------- cargaInicial -----------------

Autores: 

Fecha: 11/05/2025

Descripcion: Este script es para la carga de informacion,
contiene los inserts necesarios para cargar los datos

------------------------------------------


******************************************/

use [APPSAFE_TEAM_UNO_DE_TRES]
go

---INSERTS PARA LA TABLA PERSONA.USUARIO

INSERT INTO PERSONA.USUARIO VALUES (1, NULL, 'C', 'JESUS', 'TENORIO', 'MARTINEZ', '#324REG7$4', '5578290048', 'JESUS_MARTIN', 'JESUS@GAMAI.COM', '2024-03-11');
INSERT INTO PERSONA.USUARIO VALUES (2, 1, 'C', 'MARIA', 'GONZALEZ', 'PEREZ', 'P9$RETY6#0', '5587392810', 'MARIA_PEREZ', 'MARIA@EXAMPLE.COM', '2024-03-12');
INSERT INTO PERSONA.USUARIO VALUES (3, 2, 'C', 'CARLOS', 'LOPEZ', 'HERNANDEZ', '*123GHRTY5', '5512345678', 'CARLOS_HERNANDEZ', 'CARLOS@EXAMPLE.COM', '2024-03-13');
INSERT INTO PERSONA.USUARIO VALUES (4, 3, 'A', 'JUAN', 'MENDOZA', 'RAMIREZ', '$789GHTY2*', '5512345679', 'JUAN_RAMIREZ', 'JUAN@EXAMPLE.COM', '2024-03-14');
INSERT INTO PERSONA.USUARIO VALUES (5, 4, 'CH', 'PEDRO', 'CASTRO', 'GARCIA', '*789QWERTY', '5512345680', 'PEDRO_GARCIA', 'PEDRO@EXAMPLE.COM', '2024-03-15');
INSERT INTO PERSONA.USUARIO VALUES (6, 5, 'C', 'LUIS', 'TORRES', 'RODRIGUEZ', 'L0$RTY8#1*', '5512345681', 'LUIS_RODRIGUEZ', 'LUIS@EXAMPLE.COM', '2024-03-16');
INSERT INTO PERSONA.USUARIO VALUES (7, 6, 'A', 'ANA', 'RAMOS', 'MARTINEZ', '#567ABT4$0', '5512345682', 'ANA_MARTINEZ', 'ANA@EXAMPLE.COM', '2024-03-17');
INSERT INTO PERSONA.USUARIO VALUES (8, 7, 'CH', 'FERNANDO', 'PEREZ', 'SALAZAR', 'F0*QWERTY7', '5512345683', 'FERNANDO_SALAZAR', 'FERNANDO@EXAMPLE.COM', '2024-03-18');
INSERT INTO PERSONA.USUARIO VALUES (9, 8, 'C', 'LAURA', 'MARTINEZ', 'PEREZ', 'L9$WERTY8#', '5512345684', 'LAURA_PEREZ', 'LAURA@EXAMPLE.COM', '2024-03-19');
INSERT INTO PERSONA.USUARIO VALUES (10, 9, 'A', 'DAVID', 'GOMEZ', 'GARCIA', '#890WERTY*0', '5512345685', 'DAVID_GARCIA', 'DAVID@EXAMPLE.COM', '2024-03-20');
INSERT INTO PERSONA.USUARIO VALUES (11, 10, 'CH', 'ANDREA', 'HERRERA', 'LOPEZ', '*987ERTY#6', '5512345686', 'ANDREA_LOPEZ', 'ANDREA@EXAMPLE.COM', '2024-03-21');
INSERT INTO PERSONA.USUARIO VALUES (12, 11, 'C', 'DIEGO', 'RODRIGUEZ', 'SANCHEZ', '#678ERTY*1', '5512345687', 'DIEGO_SANCHEZ', 'DIEGO@EXAMPLE.COM', '2024-03-22');
INSERT INTO PERSONA.USUARIO VALUES (13, 12, 'A', 'PAULA', 'GONZALEZ', 'RAMIREZ', '*456RTY#9', '5512345688', 'PAULA_RAMIREZ', 'PAULA@EXAMPLE.COM', '2024-03-23');
INSERT INTO PERSONA.USUARIO VALUES (14, 13, 'CH', 'RAFAEL', 'DIAZ', 'GUTIERREZ', '#123RTY*0', '5512345689', 'RAFAEL_GUTIERREZ', 'RAFAEL@EXAMPLE.COM', '2024-03-24');
INSERT INTO PERSONA.USUARIO VALUES (15, 14, 'C', 'ELENA', 'MORALES', 'HERNANDEZ', 'E0$RTY9*1', '5512345690', 'ELENA_HERNANDEZ', 'ELENA@EXAMPLE.COM', '2024-03-25');
INSERT INTO PERSONA.USUARIO VALUES (16, 15, 'A', 'ROBERTO', 'TORRES', 'PEREZ', '*345TYU#2', '5512345691', 'ROBERTO_PEREZ', 'ROBERTO@EXAMPLE.COM', '2024-03-26');
INSERT INTO PERSONA.USUARIO VALUES (17, 16, 'CH', 'MIGUEL', 'MARTINEZ', 'LOPEZ', '#234TYU*9', '5512345692', 'MIGUEL_LOPEZ', 'MIGUEL@EXAMPLE.COM', '2024-03-27');
INSERT INTO PERSONA.USUARIO VALUES (18, 17, 'C', 'SOFIA', 'LOPEZ', 'RODRIGUEZ', '*890TYU#0', '5512345693', 'SOFIA_RODRIGUEZ', 'SOFIA@EXAMPLE.COM', '2024-03-28');
INSERT INTO PERSONA.USUARIO VALUES (19, 18, 'A', 'JORGE', 'HERNANDEZ', 'MORALES', '#456TYU*1', '5512345694', 'JORGE_MORALES', 'JORGE@EXAMPLE.COM', '2024-03-29');
INSERT INTO PERSONA.USUARIO VALUES (20, 19, 'CH', 'MONICA', 'GARCIA', 'DIAZ', '*123TYU#5', '5512345695', 'MONICA_DIAZ', 'MONICA@EXAMPLE.COM', '2024-03-30');

--INSERTS PARA BANCO 

INSERT INTO BANCO (ID_BANCO, NOMBRE_BANCO) VALUES (1, 'BBVA México');
INSERT INTO BANCO (ID_BANCO, NOMBRE_BANCO) VALUES (2, 'Banamex');
INSERT INTO BANCO (ID_BANCO, NOMBRE_BANCO) VALUES (3, 'Santander');
INSERT INTO BANCO (ID_BANCO, NOMBRE_BANCO) VALUES (4, 'HSBC México');
INSERT INTO BANCO (ID_BANCO, NOMBRE_BANCO) VALUES (5, 'Banorte');
INSERT INTO BANCO (ID_BANCO, NOMBRE_BANCO) VALUES (6, 'Scotiabank');
INSERT INTO BANCO (ID_BANCO, NOMBRE_BANCO) VALUES (7, 'Banco Azteca');
INSERT INTO BANCO (ID_BANCO, NOMBRE_BANCO) VALUES (8, 'Inbursa');
INSERT INTO BANCO (ID_BANCO, NOMBRE_BANCO) VALUES (9, 'Banco del Bajío');
INSERT INTO BANCO (ID_BANCO, NOMBRE_BANCO) VALUES (10, 'Banregio');
INSERT INTO BANCO (ID_BANCO, NOMBRE_BANCO) VALUES (11, 'Banco Multiva');
INSERT INTO BANCO (ID_BANCO, NOMBRE_BANCO) VALUES (12, 'Banco Famsa');
INSERT INTO BANCO (ID_BANCO, NOMBRE_BANCO) VALUES (13, 'Afirme');
INSERT INTO BANCO (ID_BANCO, NOMBRE_BANCO) VALUES (14, 'Banco Inmobiliario Mexicano');
INSERT INTO BANCO (ID_BANCO, NOMBRE_BANCO) VALUES (15, 'Banca Mifel');
INSERT INTO BANCO (ID_BANCO, NOMBRE_BANCO) VALUES (16, 'Banco Compartamos');
INSERT INTO BANCO (ID_BANCO, NOMBRE_BANCO) VALUES (17, 'Banco Ve por Más');
INSERT INTO BANCO (ID_BANCO, NOMBRE_BANCO) VALUES (18, 'Banco Sabadell');
INSERT INTO BANCO (ID_BANCO, NOMBRE_BANCO) VALUES (19, 'Consubanco');
INSERT INTO BANCO (ID_BANCO, NOMBRE_BANCO) VALUES (20, 'Bank of America México');
INSERT INTO BANCO (ID_BANCO, NOMBRE_BANCO) VALUES (21, 'Banco BASE');
INSERT INTO BANCO (ID_BANCO, NOMBRE_BANCO) VALUES (22, 'Banco Invex');
INSERT INTO BANCO (ID_BANCO, NOMBRE_BANCO) VALUES (23, 'Intercam Banco');
INSERT INTO BANCO (ID_BANCO, NOMBRE_BANCO) VALUES (24, 'Bansi');
INSERT INTO BANCO (ID_BANCO, NOMBRE_BANCO) VALUES (25, 'Actinver');

-- INSERTS PARA LA TABLA TARJETA

INSERT INTO INTERACCION.TARJETA (NUM_TARJETA, ID_USUARIO, MES, AÑO, BANCO) VALUES ('1234567890123456', 1, 3, 2025, 'BBVA México');
INSERT INTO INTERACCION.TARJETA (NUM_TARJETA, ID_USUARIO, MES, AÑO, BANCO) VALUES ('2345678901234567', 2, 4, 2025, 'Banamex');
INSERT INTO INTERACCION.TARJETA (NUM_TARJETA, ID_USUARIO, MES, AÑO, BANCO) VALUES ('3456789012345678', 3, 5, 2025, 'Santander');
INSERT INTO INTERACCION.TARJETA (NUM_TARJETA, ID_USUARIO, MES, AÑO, BANCO) VALUES ('4567890123456789', 4, 6, 2025, 'HSBC México');
INSERT INTO INTERACCION.TARJETA (NUM_TARJETA, ID_USUARIO, MES, AÑO, BANCO) VALUES ('5678901234567890', 5, 7, 2025, 'Banorte');
INSERT INTO INTERACCION.TARJETA (NUM_TARJETA, ID_USUARIO, MES, AÑO, BANCO) VALUES ('6789012345678901', 6, 8, 2025, 'Scotiabank');
INSERT INTO INTERACCION.TARJETA (NUM_TARJETA, ID_USUARIO, MES, AÑO, BANCO) VALUES ('7890123456789012', 7, 9, 2025, 'Banco Azteca');
INSERT INTO INTERACCION.TARJETA (NUM_TARJETA, ID_USUARIO, MES, AÑO, BANCO) VALUES ('8901234567890123', 8, 10, 2025, 'Inbursa');
INSERT INTO INTERACCION.TARJETA (NUM_TARJETA, ID_USUARIO, MES, AÑO, BANCO) VALUES ('9012345678901234', 9, 11, 2025, 'Banco del Bajío');
INSERT INTO INTERACCION.TARJETA (NUM_TARJETA, ID_USUARIO, MES, AÑO, BANCO) VALUES ('0123456789012345', 10, 12, 2025, 'Banregio');

-- INSERTS PARA LA TABLA FACTURA
INSERT INTO INTERACCION.FACTURA (ID_USUARIO, RFC, FECHA_FACTURA, IMPORTE_TOTAL, DIRECCION_FACTURACION) VALUES (1, 'JEST660311XYZ', '2025-01-15', 1200.50, 'Av. Insurgentes 123, Ciudad de México');
INSERT INTO INTERACCION.FACTURA (ID_USUARIO, RFC, FECHA_FACTURA, IMPORTE_TOTAL, DIRECCION_FACTURACION) VALUES (2, 'MARG660312XYZ', '2025-02-18', 2300.00, 'Calle Reforma 456, Ciudad de México');
INSERT INTO INTERACCION.FACTURA (ID_USUARIO, RFC, FECHA_FACTURA, IMPORTE_TOTAL, DIRECCION_FACTURACION) VALUES (3, 'CALT660313XYZ', '2025-03-20', 3450.75, 'Av. Chapultepec 789, Ciudad de México');
INSERT INTO INTERACCION.FACTURA (ID_USUARIO, RFC, FECHA_FACTURA, IMPORTE_TOTAL, DIRECCION_FACTURACION) VALUES (4, 'JUAM660314XYZ', '2025-04-25', 4560.30, 'Paseo de la Reforma 101, Ciudad de México');
INSERT INTO INTERACCION.FACTURA (ID_USUARIO, RFC, FECHA_FACTURA, IMPORTE_TOTAL, DIRECCION_FACTURACION) VALUES (5, 'PEDC660315XYZ', '2025-05-12', 5670.80, 'Periférico 202, Ciudad de México');
INSERT INTO INTERACCION.FACTURA (ID_USUARIO, RFC, FECHA_FACTURA, IMPORTE_TOTAL, DIRECCION_FACTURACION) VALUES (6, 'LUTR660316XYZ', '2025-06-18', 6780.40, 'Calle de los Cipreses 303, Ciudad de México');
INSERT INTO INTERACCION.FACTURA (ID_USUARIO, RFC, FECHA_FACTURA, IMPORTE_TOTAL, DIRECCION_FACTURACION) VALUES (7, 'ANRM660317XYZ', '2025-07-22', 7890.90, 'Avenida Revolución 404, Ciudad de México');
INSERT INTO INTERACCION.FACTURA (ID_USUARIO, RFC, FECHA_FACTURA, IMPORTE_TOTAL, DIRECCION_FACTURACION) VALUES (8, 'FEPS660318XYZ', '2025-08-15', 8901.20, 'Calzada de Tlalpan 505, Ciudad de México');
INSERT INTO INTERACCION.FACTURA (ID_USUARIO, RFC, FECHA_FACTURA, IMPORTE_TOTAL, DIRECCION_FACTURACION) VALUES (9, 'LAMT660319XYZ', '2025-09-10', 9123.45, 'Av. Universidad 606, Ciudad de México');
INSERT INTO INTERACCION.FACTURA (ID_USUARIO, RFC, FECHA_FACTURA, IMPORTE_TOTAL, DIRECCION_FACTURACION) VALUES (10, 'DAGG660320XYZ', '2025-10-05', 10234.60, 'Calzada Ignacio Zaragoza 707, Ciudad de México');
INSERT INTO INTERACCION.FACTURA (ID_USUARIO, RFC, FECHA_FACTURA, IMPORTE_TOTAL, DIRECCION_FACTURACION) VALUES (11, 'ANHL660321XYZ', '2025-11-12', 11000.75, 'Calzada de Guadalupe 808, Ciudad de México');
INSERT INTO INTERACCION.FACTURA (ID_USUARIO, RFC, FECHA_FACTURA, IMPORTE_TOTAL, DIRECCION_FACTURACION) VALUES (12, 'DIRO660322XYZ', '2025-12-20', 12050.90, 'Calle de las Rosas 909, Ciudad de México');
INSERT INTO INTERACCION.FACTURA (ID_USUARIO, RFC, FECHA_FACTURA, IMPORTE_TOTAL, DIRECCION_FACTURACION) VALUES (13, 'PARA660323XYZ', '2026-01-15', 13000.10, 'Av. División del Norte 1001, Ciudad de México');
INSERT INTO INTERACCION.FACTURA (ID_USUARIO, RFC, FECHA_FACTURA, IMPORTE_TOTAL, DIRECCION_FACTURACION) VALUES (14, 'RADI660324XYZ', '2026-02-25', 14000.30, 'Paseo de las Palmas 1102, Ciudad de México');
INSERT INTO INTERACCION.FACTURA (ID_USUARIO, RFC, FECHA_FACTURA, IMPORTE_TOTAL, DIRECCION_FACTURACION) VALUES (15, 'ELMO660325XYZ', '2026-03-05', 15000.50, 'Av. Revolución 1203, Ciudad de México');
INSERT INTO INTERACCION.FACTURA (ID_USUARIO, RFC, FECHA_FACTURA, IMPORTE_TOTAL, DIRECCION_FACTURACION) VALUES (16, 'ROTO660326XYZ', '2026-04-18', 16000.75, 'Periférico Sur 1304, Ciudad de México');
INSERT INTO INTERACCION.FACTURA (ID_USUARIO, RFC, FECHA_FACTURA, IMPORTE_TOTAL, DIRECCION_FACTURACION) VALUES (17, 'MILO660327XYZ', '2026-05-22', 17000.80, 'Av. Coyoacán 1405, Ciudad de México');
INSERT INTO INTERACCION.FACTURA (ID_USUARIO, RFC, FECHA_FACTURA, IMPORTE_TOTAL, DIRECCION_FACTURACION) VALUES (18, 'SOLO660328XYZ', '2026-06-15', 18000.65, 'Calle de los Pinos 1506, Ciudad de México');
INSERT INTO INTERACCION.FACTURA (ID_USUARIO, RFC, FECHA_FACTURA, IMPORTE_TOTAL, DIRECCION_FACTURACION) VALUES (19, 'JOMO660329XYZ', '2026-07-10', 19000.40, 'Avenida de los Insurgentes 1607, Ciudad de México');
INSERT INTO INTERACCION.FACTURA (ID_USUARIO, RFC, FECHA_FACTURA, IMPORTE_TOTAL, DIRECCION_FACTURACION) VALUES (20, 'MOGD660330XYZ', '2026-08-05', 20000.25, 'Calzada Ermita Iztapalapa 1708, Ciudad de México');

-- INSERTS PARA LA TABLA ADMINISTRADOR

INSERT INTO PERSONA.ADMINISTRADOR (ID_USUARIO, FECHA_INGRESO) VALUES (1, '2023-01-01');
INSERT INTO PERSONA.ADMINISTRADOR (ID_USUARIO, FECHA_INGRESO) VALUES (4, '2023-02-01');
INSERT INTO PERSONA.ADMINISTRADOR (ID_USUARIO, FECHA_INGRESO) VALUES (7, '2023-03-01');
INSERT INTO PERSONA.ADMINISTRADOR (ID_USUARIO, FECHA_INGRESO) VALUES (10, '2023-04-01');
INSERT INTO PERSONA.ADMINISTRADOR (ID_USUARIO, FECHA_INGRESO) VALUES (13, '2023-05-01');
INSERT INTO PERSONA.ADMINISTRADOR (ID_USUARIO, FECHA_INGRESO) VALUES (16, '2023-06-01');
INSERT INTO PERSONA.ADMINISTRADOR (ID_USUARIO, FECHA_INGRESO) VALUES (19, '2023-07-01');
INSERT INTO PERSONA.ADMINISTRADOR (ID_USUARIO, FECHA_INGRESO) VALUES (2, '2023-08-01');
INSERT INTO PERSONA.ADMINISTRADOR (ID_USUARIO, FECHA_INGRESO) VALUES (5, '2023-09-01');
INSERT INTO PERSONA.ADMINISTRADOR (ID_USUARIO, FECHA_INGRESO) VALUES (8, '2023-10-01');
INSERT INTO PERSONA.ADMINISTRADOR (ID_USUARIO, FECHA_INGRESO) VALUES (11, '2023-11-01');
INSERT INTO PERSONA.ADMINISTRADOR (ID_USUARIO, FECHA_INGRESO) VALUES (14, '2023-12-01');
INSERT INTO PERSONA.ADMINISTRADOR (ID_USUARIO, FECHA_INGRESO) VALUES (17, '2024-01-01');
INSERT INTO PERSONA.ADMINISTRADOR (ID_USUARIO, FECHA_INGRESO) VALUES (20, '2024-02-01');
INSERT INTO PERSONA.ADMINISTRADOR (ID_USUARIO, FECHA_INGRESO) VALUES (3, '2024-03-01');
INSERT INTO PERSONA.ADMINISTRADOR (ID_USUARIO, FECHA_INGRESO) VALUES (6, '2024-04-01');
INSERT INTO PERSONA.ADMINISTRADOR (ID_USUARIO, FECHA_INGRESO) VALUES (9, '2024-05-01');
INSERT INTO PERSONA.ADMINISTRADOR (ID_USUARIO, FECHA_INGRESO) VALUES (12, '2024-06-01');
INSERT INTO PERSONA.ADMINISTRADOR (ID_USUARIO, FECHA_INGRESO) VALUES (15, '2024-07-01');
INSERT INTO PERSONA.ADMINISTRADOR (ID_USUARIO, FECHA_INGRESO) VALUES (18, '2024-08-01');

-- INSERTS PARA LA TABLA TELEFONO

INSERT INTO TELEFONO (NUM_TELEFONO, ID_USUARIO) VALUES (5578290048, 1);
INSERT INTO TELEFONO (NUM_TELEFONO, ID_USUARIO) VALUES (5587392810, 2);
INSERT INTO TELEFONO (NUM_TELEFONO, ID_USUARIO) VALUES (5512345678, 3);
INSERT INTO TELEFONO (NUM_TELEFONO, ID_USUARIO) VALUES (5512345679, 4);
INSERT INTO TELEFONO (NUM_TELEFONO, ID_USUARIO) VALUES (5512345680, 5);
INSERT INTO TELEFONO (NUM_TELEFONO, ID_USUARIO) VALUES (5512345681, 6);
INSERT INTO TELEFONO (NUM_TELEFONO, ID_USUARIO) VALUES (5512345682, 7);
INSERT INTO TELEFONO (NUM_TELEFONO, ID_USUARIO) VALUES (5512345683, 8);
INSERT INTO TELEFONO (NUM_TELEFONO, ID_USUARIO) VALUES (5512345684, 9);
INSERT INTO TELEFONO (NUM_TELEFONO, ID_USUARIO) VALUES (5512345685, 10);
INSERT INTO TELEFONO (NUM_TELEFONO, ID_USUARIO) VALUES (5512345686, 11);
INSERT INTO TELEFONO (NUM_TELEFONO, ID_USUARIO) VALUES (5512345687, 12);
INSERT INTO TELEFONO (NUM_TELEFONO, ID_USUARIO) VALUES (5512345688, 13);
INSERT INTO TELEFONO (NUM_TELEFONO, ID_USUARIO) VALUES (5512345689, 14);
INSERT INTO TELEFONO (NUM_TELEFONO, ID_USUARIO) VALUES (5512345690, 15);
INSERT INTO TELEFONO (NUM_TELEFONO, ID_USUARIO) VALUES (5512345691, 16);
INSERT INTO TELEFONO (NUM_TELEFONO, ID_USUARIO) VALUES (5512345692, 17);
INSERT INTO TELEFONO (NUM_TELEFONO, ID_USUARIO) VALUES (5512345693, 18);
INSERT INTO TELEFONO (NUM_TELEFONO, ID_USUARIO) VALUES (5512345694, 19);
INSERT INTO TELEFONO (NUM_TELEFONO, ID_USUARIO) VALUES (5512345695, 20);

-- INSERTS PARA LA TABLA CONDUCTOR

INSERT INTO PERSONA.CONDUCTOR (ID_USUARIO, FECHA_VIGENCIA, DESCRIPCIÓN, FOTO_RECIENTE, NUM_LICENCIA) VALUES (1, '2026-01-01', 'Conductor experimentado con más de 5 años de experiencia.', 0x12345678, 12345678);
INSERT INTO PERSONA.CONDUCTOR (ID_USUARIO, FECHA_VIGENCIA, DESCRIPCIÓN, FOTO_RECIENTE, NUM_LICENCIA) VALUES (2, '2026-02-01', 'Conductor profesional con certificación en manejo seguro.', 0x23456789, 23456789);
INSERT INTO PERSONA.CONDUCTOR (ID_USUARIO, FECHA_VIGENCIA, DESCRIPCIÓN, FOTO_RECIENTE, NUM_LICENCIA) VALUES (3, '2026-03-01', 'Conductor con experiencia en rutas urbanas y manejo defensivo.', 0x34567890, 34567890);
INSERT INTO PERSONA.CONDUCTOR (ID_USUARIO, FECHA_VIGENCIA, DESCRIPCIÓN, FOTO_RECIENTE, NUM_LICENCIA) VALUES (4, '2026-04-01', 'Conductor especializado en servicios premium y ejecutivos.', 0x45678901, 45678901);
INSERT INTO PERSONA.CONDUCTOR (ID_USUARIO, FECHA_VIGENCIA, DESCRIPCIÓN, FOTO_RECIENTE, NUM_LICENCIA) VALUES (5, '2026-05-01', 'Conductor con amplio conocimiento de rutas rápidas.', 0x56789012, 56789012);
INSERT INTO PERSONA.CONDUCTOR (ID_USUARIO, FECHA_VIGENCIA, DESCRIPCIÓN, FOTO_RECIENTE, NUM_LICENCIA) VALUES (6, '2026-06-01', 'Conductor con habilidades avanzadas para manejo en tráfico intenso.', 0x67890123, 67890123);
INSERT INTO PERSONA.CONDUCTOR (ID_USUARIO, FECHA_VIGENCIA, DESCRIPCIÓN, FOTO_RECIENTE, NUM_LICENCIA) VALUES (7, '2026-07-01', 'Conductor con experiencia en transporte de pasajeros y logística.', 0x78901234, 78901234);
INSERT INTO PERSONA.CONDUCTOR (ID_USUARIO, FECHA_VIGENCIA, DESCRIPCIÓN, FOTO_RECIENTE, NUM_LICENCIA) VALUES (8, '2026-08-01', 'Conductor capacitado para transporte seguro de personas.', 0x89012345, 89012345);
INSERT INTO PERSONA.CONDUCTOR (ID_USUARIO, FECHA_VIGENCIA, DESCRIPCIÓN, FOTO_RECIENTE, NUM_LICENCIA) VALUES (9, '2026-09-01', 'Conductor con historial limpio y registro impecable.', 0x90123456, 90123456);
INSERT INTO PERSONA.CONDUCTOR (ID_USUARIO, FECHA_VIGENCIA, DESCRIPCIÓN, FOTO_RECIENTE, NUM_LICENCIA) VALUES (10, '2026-10-01', 'Conductor con conocimientos avanzados de primeros auxilios.', 0xA0123456, 10123456);
INSERT INTO PERSONA.CONDUCTOR (ID_USUARIO, FECHA_VIGENCIA, DESCRIPCIÓN, FOTO_RECIENTE, NUM_LICENCIA) VALUES (11, '2026-11-01', 'Conductor con habilidades para manejo en condiciones adversas.', 0xB1234567, 11123456);
INSERT INTO PERSONA.CONDUCTOR (ID_USUARIO, FECHA_VIGENCIA, DESCRIPCIÓN, FOTO_RECIENTE, NUM_LICENCIA) VALUES (12, '2026-12-01', 'Conductor especializado en transporte turístico.', 0xC2345678, 12123456);
INSERT INTO PERSONA.CONDUCTOR (ID_USUARIO, FECHA_VIGENCIA, DESCRIPCIÓN, FOTO_RECIENTE, NUM_LICENCIA) VALUES (13, '2027-01-01', 'Conductor con experiencia en vehículos eléctricos.', 0xD3456789, 13123456);
INSERT INTO PERSONA.CONDUCTOR (ID_USUARIO, FECHA_VIGENCIA, DESCRIPCIÓN, FOTO_RECIENTE, NUM_LICENCIA) VALUES (14, '2027-02-01', 'Conductor con formación en atención al cliente y servicio premium.', 0xE4567890, 14123456);
INSERT INTO PERSONA.CONDUCTOR (ID_USUARIO, FECHA_VIGENCIA, DESCRIPCIÓN, FOTO_RECIENTE, NUM_LICENCIA) VALUES (15, '2027-03-01', 'Conductor con habilidades para manejo en largas distancias.', 0xF5678901, 15123456);
INSERT INTO PERSONA.CONDUCTOR (ID_USUARIO, FECHA_VIGENCIA, DESCRIPCIÓN, FOTO_RECIENTE, NUM_LICENCIA) VALUES (16, '2027-04-01', 'Conductor con conocimientos avanzados de mecánica automotriz.', 0x11234567, 16123456);
INSERT INTO PERSONA.CONDUCTOR (ID_USUARIO, FECHA_VIGENCIA, DESCRIPCIÓN, FOTO_RECIENTE, NUM_LICENCIA) VALUES (17, '2027-05-01', 'Conductor experimentado en manejo seguro para corporativos.', 0x22345678, 17123456);
INSERT INTO PERSONA.CONDUCTOR (ID_USUARIO, FECHA_VIGENCIA, DESCRIPCIÓN, FOTO_RECIENTE, NUM_LICENCIA) VALUES (18, '2027-06-01', 'Conductor especializado en servicios de lujo y alto perfil.', 0x33456789, 18123456);
INSERT INTO PERSONA.CONDUCTOR (ID_USUARIO, FECHA_VIGENCIA, DESCRIPCIÓN, FOTO_RECIENTE, NUM_LICENCIA) VALUES (19, '2027-07-01', 'Conductor con entrenamiento en manejo defensivo.', 0x44567890, 19123456);
INSERT INTO PERSONA.CONDUCTOR (ID_USUARIO, FECHA_VIGENCIA, DESCRIPCIÓN, FOTO_RECIENTE, NUM_LICENCIA) VALUES (20, '2027-08-01', 'Conductor con experiencia en transporte privado y ejecutivo.', 0x55678901, 20123456);

-- INSERTS PARA LA TABLA PAGO

INSERT INTO PAGO (NUM_PAGO, ID_USUARIO, FECHA_PAGO, MONTO_TOTAL) VALUES (1, 1, '2025-01-15', 1200.50);
INSERT INTO PAGO (NUM_PAGO, ID_USUARIO, FECHA_PAGO, MONTO_TOTAL) VALUES (2, 2, '2025-02-18', 2300.00);
INSERT INTO PAGO (NUM_PAGO, ID_USUARIO, FECHA_PAGO, MONTO_TOTAL) VALUES (3, 3, '2025-03-20', 3450.75);
INSERT INTO PAGO (NUM_PAGO, ID_USUARIO, FECHA_PAGO, MONTO_TOTAL) VALUES (4, 4, '2025-04-25', 4560.30);
INSERT INTO PAGO (NUM_PAGO, ID_USUARIO, FECHA_PAGO, MONTO_TOTAL) VALUES (5, 5, '2025-05-12', 5670.80);
INSERT INTO PAGO (NUM_PAGO, ID_USUARIO, FECHA_PAGO, MONTO_TOTAL) VALUES (6, 6, '2025-06-18', 6780.40);
INSERT INTO PAGO (NUM_PAGO, ID_USUARIO, FECHA_PAGO, MONTO_TOTAL) VALUES (7, 7, '2025-07-22', 7890.90);
INSERT INTO PAGO (NUM_PAGO, ID_USUARIO, FECHA_PAGO, MONTO_TOTAL) VALUES (8, 8, '2025-08-15', 8901.20);
INSERT INTO PAGO (NUM_PAGO, ID_USUARIO, FECHA_PAGO, MONTO_TOTAL) VALUES (9, 9, '2025-09-10', 9123.45);
INSERT INTO PAGO (NUM_PAGO, ID_USUARIO, FECHA_PAGO, MONTO_TOTAL) VALUES (10, 10, '2025-10-05', 10234.60);
INSERT INTO PAGO (NUM_PAGO, ID_USUARIO, FECHA_PAGO, MONTO_TOTAL) VALUES (11, 11, '2025-11-12', 11000.75);
INSERT INTO PAGO (NUM_PAGO, ID_USUARIO, FECHA_PAGO, MONTO_TOTAL) VALUES (12, 12, '2025-12-20', 12050.90);
INSERT INTO PAGO (NUM_PAGO, ID_USUARIO, FECHA_PAGO, MONTO_TOTAL) VALUES (13, 13, '2026-01-15', 13000.10);
INSERT INTO PAGO (NUM_PAGO, ID_USUARIO, FECHA_PAGO, MONTO_TOTAL) VALUES (14, 14, '2026-02-25', 14000.30);
INSERT INTO PAGO (NUM_PAGO, ID_USUARIO, FECHA_PAGO, MONTO_TOTAL) VALUES (15, 15, '2026-03-05', 15000.50);
INSERT INTO PAGO (NUM_PAGO, ID_USUARIO, FECHA_PAGO, MONTO_TOTAL) VALUES (16, 16, '2026-04-18', 16000.75);
INSERT INTO PAGO (NUM_PAGO, ID_USUARIO, FECHA_PAGO, MONTO_TOTAL) VALUES (17, 17, '2026-05-22', 17000.80);
INSERT INTO PAGO (NUM_PAGO, ID_USUARIO, FECHA_PAGO, MONTO_TOTAL) VALUES (18, 18, '2026-06-15', 18000.65);
INSERT INTO PAGO (NUM_PAGO, ID_USUARIO, FECHA_PAGO, MONTO_TOTAL) VALUES (19, 19, '2026-07-10', 19000.40);
INSERT INTO PAGO (NUM_PAGO, ID_USUARIO, FECHA_PAGO, MONTO_TOTAL) VALUES (20, 20, '2026-08-05', 20000.25);

-- INSERTS PARA LA TABLA MARCA

INSERT INTO MARCA (MARCA) VALUES ('Toyota');
INSERT INTO MARCA (MARCA) VALUES ('Honda');
INSERT INTO MARCA (MARCA) VALUES ('Ford');
INSERT INTO MARCA (MARCA) VALUES ('Chevrolet');
INSERT INTO MARCA (MARCA) VALUES ('Nissan');
INSERT INTO MARCA (MARCA) VALUES ('BMW');
INSERT INTO MARCA (MARCA) VALUES ('Mercedes-Benz');
INSERT INTO MARCA (MARCA) VALUES ('Audi');
INSERT INTO MARCA (MARCA) VALUES ('Volkswagen');
INSERT INTO MARCA (MARCA) VALUES ('Mazda');
INSERT INTO MARCA (MARCA) VALUES ('Hyundai');
INSERT INTO MARCA (MARCA) VALUES ('Kia');
INSERT INTO MARCA (MARCA) VALUES ('Subaru');
INSERT INTO MARCA (MARCA) VALUES ('Porsche');
INSERT INTO MARCA (MARCA) VALUES ('Ferrari');
INSERT INTO MARCA (MARCA) VALUES ('Lamborghini');
INSERT INTO MARCA (MARCA) VALUES ('Mitsubishi');
INSERT INTO MARCA (MARCA) VALUES ('Jaguar');
INSERT INTO MARCA (MARCA) VALUES ('Land Rover');
INSERT INTO MARCA (MARCA) VALUES ('Tesla');

-- INSERTS PARA LA TABLA MODELO

INSERT INTO MODELO (ID_MARCA, MODELO) VALUES (1, 'Corolla');
INSERT INTO MODELO (ID_MARCA, MODELO) VALUES (1, 'Camry');
INSERT INTO MODELO (ID_MARCA, MODELO) VALUES (2, 'Civic');
INSERT INTO MODELO (ID_MARCA, MODELO) VALUES (2, 'Accord');
INSERT INTO MODELO (ID_MARCA, MODELO) VALUES (3, 'Mustang');
INSERT INTO MODELO (ID_MARCA, MODELO) VALUES (3, 'F-150');
INSERT INTO MODELO (ID_MARCA, MODELO) VALUES (4, 'Silverado');
INSERT INTO MODELO (ID_MARCA, MODELO) VALUES (4, 'Camaro');
INSERT INTO MODELO (ID_MARCA, MODELO) VALUES (5, 'Altima');
INSERT INTO MODELO (ID_MARCA, MODELO) VALUES (5, 'Sentra');
INSERT INTO MODELO (ID_MARCA, MODELO) VALUES (6, '3 Series');
INSERT INTO MODELO (ID_MARCA, MODELO) VALUES (6, 'X5');
INSERT INTO MODELO (ID_MARCA, MODELO) VALUES (7, 'C-Class');
INSERT INTO MODELO (ID_MARCA, MODELO) VALUES (7, 'E-Class');
INSERT INTO MODELO (ID_MARCA, MODELO) VALUES (8, 'A4');
INSERT INTO MODELO (ID_MARCA, MODELO) VALUES (8, 'Q7');
INSERT INTO MODELO (ID_MARCA, MODELO) VALUES (9, 'Jetta');
INSERT INTO MODELO (ID_MARCA, MODELO) VALUES (9, 'Passat');
INSERT INTO MODELO (ID_MARCA, MODELO) VALUES (10, 'Mazda3');
INSERT INTO MODELO (ID_MARCA, MODELO) VALUES (10, 'CX-5');

-- INSERTS PARA LA TABLA AUTO

INSERT INTO AUTO (ID_USUARIO, ID_MODELO, NUMPLACA, AÑO, DISPONIBLE) VALUES (1, 1, 'ABC123', 2020, 1);
INSERT INTO AUTO (ID_USUARIO, ID_MODELO, NUMPLACA, AÑO, DISPONIBLE) VALUES (2, 2, 'DEF456', 2021, 1);
INSERT INTO AUTO (ID_USUARIO, ID_MODELO, NUMPLACA, AÑO, DISPONIBLE) VALUES (3, 3, 'GHI789', 2022, 1);
INSERT INTO AUTO (ID_USUARIO, ID_MODELO, NUMPLACA, AÑO, DISPONIBLE) VALUES (4, 4, 'JKL012', 2023, 1);
INSERT INTO AUTO (ID_USUARIO, ID_MODELO, NUMPLACA, AÑO, DISPONIBLE) VALUES (5, 5, 'MNO345', 2019, 1);
INSERT INTO AUTO (ID_USUARIO, ID_MODELO, NUMPLACA, AÑO, DISPONIBLE) VALUES (6, 6, 'PQR678', 2020, 1);
INSERT INTO AUTO (ID_USUARIO, ID_MODELO, NUMPLACA, AÑO, DISPONIBLE) VALUES (7, 7, 'STU901', 2021, 1);
INSERT INTO AUTO (ID_USUARIO, ID_MODELO, NUMPLACA, AÑO, DISPONIBLE) VALUES (8, 8, 'VWX234', 2022, 1);
INSERT INTO AUTO (ID_USUARIO, ID_MODELO, NUMPLACA, AÑO, DISPONIBLE) VALUES (9, 9, 'YZA567', 2023, 1);
INSERT INTO AUTO (ID_USUARIO, ID_MODELO, NUMPLACA, AÑO, DISPONIBLE) VALUES (10, 10, 'BCD890', 2019, 1);
INSERT INTO AUTO (ID_USUARIO, ID_MODELO, NUMPLACA, AÑO, DISPONIBLE) VALUES (11, 11, 'EFG123', 2020, 1);
INSERT INTO AUTO (ID_USUARIO, ID_MODELO, NUMPLACA, AÑO, DISPONIBLE) VALUES (12, 12, 'HIJ456', 2021, 1);
INSERT INTO AUTO (ID_USUARIO, ID_MODELO, NUMPLACA, AÑO, DISPONIBLE) VALUES (13, 13, 'KLM789', 2022, 1);
INSERT INTO AUTO (ID_USUARIO, ID_MODELO, NUMPLACA, AÑO, DISPONIBLE) VALUES (14, 14, 'NOP012', 2023, 1);
INSERT INTO AUTO (ID_USUARIO, ID_MODELO, NUMPLACA, AÑO, DISPONIBLE) VALUES (15, 15, 'QRS345', 2019, 1);
INSERT INTO AUTO (ID_USUARIO, ID_MODELO, NUMPLACA, AÑO, DISPONIBLE) VALUES (16, 16, 'TUV678', 2020, 1);
INSERT INTO AUTO (ID_USUARIO, ID_MODELO, NUMPLACA, AÑO, DISPONIBLE) VALUES (17, 17, 'WXY901', 2021, 1);
INSERT INTO AUTO (ID_USUARIO, ID_MODELO, NUMPLACA, AÑO, DISPONIBLE) VALUES (18, 18, 'ZAB234', 2022, 1);
INSERT INTO AUTO (ID_USUARIO, ID_MODELO, NUMPLACA, AÑO, DISPONIBLE) VALUES (19, 19, 'CDE567', 2023, 1);
INSERT INTO AUTO (ID_USUARIO, ID_MODELO, NUMPLACA, AÑO, DISPONIBLE) VALUES (20, 20, 'FGH890', 2019, 1);

-- INSERTS PARA LA TABLA QUEJA

INSERT INTO INTERACCION.QUEJA (ID_USUARIO, ID_AUTO, ID_ADMINISTRADOR, TITULO, FECHA_EMISION) VALUES (1, 1, 1, 'Retraso en el servicio', '2025-01-15');
INSERT INTO INTERACCION.QUEJA (ID_USUARIO, ID_AUTO, ID_ADMINISTRADOR, TITULO, FECHA_EMISION) VALUES (2, 2, 2, 'Conductor no llegó a tiempo', '2025-02-18');
INSERT INTO INTERACCION.QUEJA (ID_USUARIO, ID_AUTO, ID_ADMINISTRADOR, TITULO, FECHA_EMISION) VALUES (3, 3, 3, 'Vehículo en malas condiciones', '2025-03-20');
INSERT INTO INTERACCION.QUEJA (ID_USUARIO, ID_AUTO, ID_ADMINISTRADOR, TITULO, FECHA_EMISION) VALUES (4, 4, 4, 'Conductor fue grosero', '2025-04-25');
INSERT INTO INTERACCION.QUEJA (ID_USUARIO, ID_AUTO, ID_ADMINISTRADOR, TITULO, FECHA_EMISION) VALUES (5, 5, 5, 'Cobro incorrecto', '2025-05-12');
INSERT INTO INTERACCION.QUEJA (ID_USUARIO, ID_AUTO, ID_ADMINISTRADOR, TITULO, FECHA_EMISION) VALUES (6, 6, 6, 'Mala atención al cliente', '2025-06-18');
INSERT INTO INTERACCION.QUEJA (ID_USUARIO, ID_AUTO, ID_ADMINISTRADOR, TITULO, FECHA_EMISION) VALUES (7, 7, 7, 'Falta de limpieza en el vehículo', '2025-07-22');
INSERT INTO INTERACCION.QUEJA (ID_USUARIO, ID_AUTO, ID_ADMINISTRADOR, TITULO, FECHA_EMISION) VALUES (8, 8, 8, 'Vehículo no coincidía con la app', '2025-08-15');
INSERT INTO INTERACCION.QUEJA (ID_USUARIO, ID_AUTO, ID_ADMINISTRADOR, TITULO, FECHA_EMISION) VALUES (9, 9, 9, 'Ruta más larga de lo necesario', '2025-09-10');
INSERT INTO INTERACCION.QUEJA (ID_USUARIO, ID_AUTO, ID_ADMINISTRADOR, TITULO, FECHA_EMISION) VALUES (10, 10, 10, 'Conductor no siguió las instrucciones', '2025-10-05');
INSERT INTO INTERACCION.QUEJA (ID_USUARIO, ID_AUTO, ID_ADMINISTRADOR, TITULO, FECHA_EMISION) VALUES (11, 11, 11, 'Vehículo con problemas mecánicos', '2025-11-12');
INSERT INTO INTERACCION.QUEJA (ID_USUARIO, ID_AUTO, ID_ADMINISTRADOR, TITULO, FECHA_EMISION) VALUES (12, 12, 12, 'Conductor no utilizó el cinturón de seguridad', '2025-12-20');
INSERT INTO INTERACCION.QUEJA (ID_USUARIO, ID_AUTO, ID_ADMINISTRADOR, TITULO, FECHA_EMISION) VALUES (13, 13, 13, 'Conductor excedió el límite de velocidad', '2026-01-15');
INSERT INTO INTERACCION.QUEJA (ID_USUARIO, ID_AUTO, ID_ADMINISTRADOR, TITULO, FECHA_EMISION) VALUES (14, 14, 14, 'Vehículo sucio', '2026-02-25');
INSERT INTO INTERACCION.QUEJA (ID_USUARIO, ID_AUTO, ID_ADMINISTRADOR, TITULO, FECHA_EMISION) VALUES (15, 15, 15, 'Música a volumen alto', '2026-03-05');
INSERT INTO INTERACCION.QUEJA (ID_USUARIO, ID_AUTO, ID_ADMINISTRADOR, TITULO, FECHA_EMISION) VALUES (16, 16, 16, 'Conductor no usaba mascarilla', '2026-04-18');
INSERT INTO INTERACCION.QUEJA (ID_USUARIO, ID_AUTO, ID_ADMINISTRADOR, TITULO, FECHA_EMISION) VALUES (17, 17, 17, 'Conductor usaba el teléfono mientras manejaba', '2026-05-22');
INSERT INTO INTERACCION.QUEJA (ID_USUARIO, ID_AUTO, ID_ADMINISTRADOR, TITULO, FECHA_EMISION) VALUES (18, 18, 18, 'Conductor fue irrespetuoso', '2026-06-15');
INSERT INTO INTERACCION.QUEJA (ID_USUARIO, ID_AUTO, ID_ADMINISTRADOR, TITULO, FECHA_EMISION) VALUES (19, 19, 19, 'No se siguieron los protocolos de seguridad', '2026-07-10');
INSERT INTO INTERACCION.QUEJA (ID_USUARIO, ID_AUTO, ID_ADMINISTRADOR, TITULO, FECHA_EMISION) VALUES (20, 20, 20, 'Conductor tomó una ruta diferente', '2026-08-05');

-- INSERTS PARA LA TABLA RESOLUCION

INSERT INTO RESOLUCION (ID_QUEJA, DESCRIPCION_RESOLUCION, FECHA_ATENDIDO) VALUES (1, 'Reembolso parcial otorgado', '2025-01-20');
INSERT INTO RESOLUCION (ID_QUEJA, DESCRIPCION_RESOLUCION, FECHA_ATENDIDO) VALUES (2, 'Conductor advertido sobre puntualidad', '2025-02-22');
INSERT INTO RESOLUCION (ID_QUEJA, DESCRIPCION_RESOLUCION, FECHA_ATENDIDO) VALUES (3, 'Vehículo revisado y reparado', '2025-03-25');
INSERT INTO RESOLUCION (ID_QUEJA, DESCRIPCION_RESOLUCION, FECHA_ATENDIDO) VALUES (4, 'Conductor recibió advertencia formal', '2025-04-30');
INSERT INTO RESOLUCION (ID_QUEJA, DESCRIPCION_RESOLUCION, FECHA_ATENDIDO) VALUES (5, 'Revisión de cobro realizada', '2025-05-17');
INSERT INTO RESOLUCION (ID_QUEJA, DESCRIPCION_RESOLUCION, FECHA_ATENDIDO) VALUES (6, 'Atención al cliente mejorada', '2025-06-23');
INSERT INTO RESOLUCION (ID_QUEJA, DESCRIPCION_RESOLUCION, FECHA_ATENDIDO) VALUES (7, 'Limpieza del vehículo requerida', '2025-07-27');
INSERT INTO RESOLUCION (ID_QUEJA, DESCRIPCION_RESOLUCION, FECHA_ATENDIDO) VALUES (8, 'Actualización de datos en la app', '2025-08-20');
INSERT INTO RESOLUCION (ID_QUEJA, DESCRIPCION_RESOLUCION, FECHA_ATENDIDO) VALUES (9, 'Ruta ajustada para futuras reservas', '2025-09-15');
INSERT INTO RESOLUCION (ID_QUEJA, DESCRIPCION_RESOLUCION, FECHA_ATENDIDO) VALUES (10, 'Conductor instruido para seguir instrucciones', '2025-10-10');
INSERT INTO RESOLUCION (ID_QUEJA, DESCRIPCION_RESOLUCION, FECHA_ATENDIDO) VALUES (11, 'Vehículo reparado y verificado', '2025-11-17');
INSERT INTO RESOLUCION (ID_QUEJA, DESCRIPCION_RESOLUCION, FECHA_ATENDIDO) VALUES (12, 'Conductor capacitado en seguridad', '2025-12-25');
INSERT INTO RESOLUCION (ID_QUEJA, DESCRIPCION_RESOLUCION, FECHA_ATENDIDO) VALUES (13, 'Conductor multado por velocidad', '2026-01-20');
INSERT INTO RESOLUCION (ID_QUEJA, DESCRIPCION_RESOLUCION, FECHA_ATENDIDO) VALUES (14, 'Vehículo limpiado y verificado', '2026-02-28');
INSERT INTO RESOLUCION (ID_QUEJA, DESCRIPCION_RESOLUCION, FECHA_ATENDIDO) VALUES (15, 'Conductor advertido sobre volumen alto', '2026-03-10');
INSERT INTO RESOLUCION (ID_QUEJA, DESCRIPCION_RESOLUCION, FECHA_ATENDIDO) VALUES (16, 'Conductor informado sobre uso de mascarilla', '2026-04-22');
INSERT INTO RESOLUCION (ID_QUEJA, DESCRIPCION_RESOLUCION, FECHA_ATENDIDO) VALUES (17, 'Conductor sancionado por uso de celular', '2026-05-27');
INSERT INTO RESOLUCION (ID_QUEJA, DESCRIPCION_RESOLUCION, FECHA_ATENDIDO) VALUES (18, 'Conductor suspendido temporalmente', '2026-06-20');
INSERT INTO RESOLUCION (ID_QUEJA, DESCRIPCION_RESOLUCION, FECHA_ATENDIDO) VALUES (19, 'Nuevos protocolos de seguridad implementados', '2026-07-15');
INSERT INTO RESOLUCION (ID_QUEJA, DESCRIPCION_RESOLUCION, FECHA_ATENDIDO) VALUES (20, 'Conductor instruido sobre rutas recomendadas', '2026-08-10');

-- INSERTS PARA LA TABLA MOTIVO

INSERT INTO MOTIVO (DESCRIPCION) VALUES ('Retraso en el servicio');
INSERT INTO MOTIVO (DESCRIPCION) VALUES ('Conductor no llegó a tiempo');
INSERT INTO MOTIVO (DESCRIPCION) VALUES ('Vehículo en malas condiciones');
INSERT INTO MOTIVO (DESCRIPCION) VALUES ('Conductor fue grosero');
INSERT INTO MOTIVO (DESCRIPCION) VALUES ('Cobro incorrecto');
INSERT INTO MOTIVO (DESCRIPCION) VALUES ('Mala atención al cliente');
INSERT INTO MOTIVO (DESCRIPCION) VALUES ('Falta de limpieza en el vehículo');
INSERT INTO MOTIVO (DESCRIPCION) VALUES ('Vehículo no coincidía con la app');
INSERT INTO MOTIVO (DESCRIPCION) VALUES ('Ruta más larga de lo necesario');
INSERT INTO MOTIVO (DESCRIPCION) VALUES ('Conductor no siguió las instrucciones');
INSERT INTO MOTIVO (DESCRIPCION) VALUES ('Vehículo con problemas mecánicos');
INSERT INTO MOTIVO (DESCRIPCION) VALUES ('Conductor no utilizó el cinturón de seguridad');
INSERT INTO MOTIVO (DESCRIPCION) VALUES ('Conductor excedió el límite de velocidad');
INSERT INTO MOTIVO (DESCRIPCION) VALUES ('Vehículo sucio');
INSERT INTO MOTIVO (DESCRIPCION) VALUES ('Música a volumen alto');
INSERT INTO MOTIVO (DESCRIPCION) VALUES ('Conductor no usaba mascarilla');
INSERT INTO MOTIVO (DESCRIPCION) VALUES ('Conductor usaba el teléfono mientras manejaba');
INSERT INTO MOTIVO (DESCRIPCION) VALUES ('Conductor fue irrespetuoso');
INSERT INTO MOTIVO (DESCRIPCION) VALUES ('No se siguieron los protocolos de seguridad');
INSERT INTO MOTIVO (DESCRIPCION) VALUES ('Conductor tomó una ruta diferente');

-- INSERTS PARA LA TABLA DESCUENTO

INSERT INTO INTERACCION.DESCUENTO (ID_DESCUENTO, DESCRIPCION, ID_MOTIVO, IMPORTE, VIGENCIA) VALUES (1000000001, 'Descuento por retraso', 1, 150.00, '2025-12-31');
INSERT INTO INTERACCION.DESCUENTO (ID_DESCUENTO, DESCRIPCION, ID_MOTIVO, IMPORTE, VIGENCIA) VALUES (1000000002, 'Descuento por llegada tardía', 2, 200.00, '2025-12-31');
INSERT INTO INTERACCION.DESCUENTO (ID_DESCUENTO, DESCRIPCION, ID_MOTIVO, IMPORTE, VIGENCIA) VALUES (1000000003, 'Descuento por vehículo en mal estado', 3, 250.00, '2025-12-31');
INSERT INTO INTERACCION.DESCUENTO (ID_DESCUENTO, DESCRIPCION, ID_MOTIVO, IMPORTE, VIGENCIA) VALUES (1000000004, 'Descuento por trato grosero', 4, 300.00, '2025-12-31');
INSERT INTO INTERACCION.DESCUENTO (ID_DESCUENTO, DESCRIPCION, ID_MOTIVO, IMPORTE, VIGENCIA) VALUES (1000000005, 'Descuento por cobro incorrecto', 5, 350.00, '2025-12-31');
INSERT INTO INTERACCION.DESCUENTO (ID_DESCUENTO, DESCRIPCION, ID_MOTIVO, IMPORTE, VIGENCIA) VALUES (1000000006, 'Descuento por mala atención', 6, 400.00, '2025-12-31');
INSERT INTO INTERACCION.DESCUENTO (ID_DESCUENTO, DESCRIPCION, ID_MOTIVO, IMPORTE, VIGENCIA) VALUES (1000000007, 'Descuento por falta de limpieza', 7, 450.00, '2025-12-31');
INSERT INTO INTERACCION.DESCUENTO (ID_DESCUENTO, DESCRIPCION, ID_MOTIVO, IMPORTE, VIGENCIA) VALUES (1000000008, 'Descuento por datos incorrectos en app', 8, 500.00, '2025-12-31');
INSERT INTO INTERACCION.DESCUENTO (ID_DESCUENTO, DESCRIPCION, ID_MOTIVO, IMPORTE, VIGENCIA) VALUES (1000000009, 'Descuento por ruta más larga', 9, 550.00, '2025-12-31');
INSERT INTO INTERACCION.DESCUENTO (ID_DESCUENTO, DESCRIPCION, ID_MOTIVO, IMPORTE, VIGENCIA) VALUES (1000000010, 'Descuento por no seguir instrucciones', 10, 600.00, '2025-12-31');
INSERT INTO INTERACCION.DESCUENTO (ID_DESCUENTO, DESCRIPCION, ID_MOTIVO, IMPORTE, VIGENCIA) VALUES (1000000011, 'Descuento por problemas mecánicos', 11, 650.00, '2025-12-31');
INSERT INTO INTERACCION.DESCUENTO (ID_DESCUENTO, DESCRIPCION, ID_MOTIVO, IMPORTE, VIGENCIA) VALUES (1000000012, 'Descuento por no usar cinturón', 12, 700.00, '2025-12-31');
INSERT INTO INTERACCION.DESCUENTO (ID_DESCUENTO, DESCRIPCION, ID_MOTIVO, IMPORTE, VIGENCIA) VALUES (1000000013, 'Descuento por exceso de velocidad', 13, 750.00, '2025-12-31');
INSERT INTO INTERACCION.DESCUENTO (ID_DESCUENTO, DESCRIPCION, ID_MOTIVO, IMPORTE, VIGENCIA) VALUES (1000000014, 'Descuento por vehículo sucio', 14, 800.00, '2025-12-31');
INSERT INTO INTERACCION.DESCUENTO (ID_DESCUENTO, DESCRIPCION, ID_MOTIVO, IMPORTE, VIGENCIA) VALUES (1000000015, 'Descuento por música alta', 15, 850.00, '2025-12-31');
INSERT INTO INTERACCION.DESCUENTO (ID_DESCUENTO, DESCRIPCION, ID_MOTIVO, IMPORTE, VIGENCIA) VALUES (1000000016, 'Descuento por falta de mascarilla', 16, 900.00, '2025-12-31');
INSERT INTO INTERACCION.DESCUENTO (ID_DESCUENTO, DESCRIPCION, ID_MOTIVO, IMPORTE, VIGENCIA) VALUES (1000000017, 'Descuento por uso de celular', 17, 950.00, '2025-12-31');
INSERT INTO INTERACCION.DESCUENTO (ID_DESCUENTO, DESCRIPCION, ID_MOTIVO, IMPORTE, VIGENCIA) VALUES (1000000018, 'Descuento por falta de respeto', 18, 1000.00, '2025-12-31');
INSERT INTO INTERACCION.DESCUENTO (ID_DESCUENTO, DESCRIPCION, ID_MOTIVO, IMPORTE, VIGENCIA) VALUES (1000000019, 'Descuento por falta de protocolos', 19, 1050.00, '2025-12-31');
INSERT INTO INTERACCION.DESCUENTO (ID_DESCUENTO, DESCRIPCION, ID_MOTIVO, IMPORTE, VIGENCIA) VALUES (1000000020, 'Descuento por ruta incorrecta', 20, 1100.00, '2025-12-31');

-- INSERTS PARA LA TABLA USUARIO_DESCUENTO

INSERT INTO USUARIO_DESCUENTO (ID_USUARIO, ID_DESCUENTO) VALUES (1, 1000000001);
INSERT INTO USUARIO_DESCUENTO (ID_USUARIO, ID_DESCUENTO) VALUES (2, 1000000002);
INSERT INTO USUARIO_DESCUENTO (ID_USUARIO, ID_DESCUENTO) VALUES (3, 1000000003);
INSERT INTO USUARIO_DESCUENTO (ID_USUARIO, ID_DESCUENTO) VALUES (4, 1000000004);
INSERT INTO USUARIO_DESCUENTO (ID_USUARIO, ID_DESCUENTO) VALUES (5, 1000000005);
INSERT INTO USUARIO_DESCUENTO (ID_USUARIO, ID_DESCUENTO) VALUES (6, 1000000006);
INSERT INTO USUARIO_DESCUENTO (ID_USUARIO, ID_DESCUENTO) VALUES (7, 1000000007);
INSERT INTO USUARIO_DESCUENTO (ID_USUARIO, ID_DESCUENTO) VALUES (8, 1000000008);
INSERT INTO USUARIO_DESCUENTO (ID_USUARIO, ID_DESCUENTO) VALUES (9, 1000000009);
INSERT INTO USUARIO_DESCUENTO (ID_USUARIO, ID_DESCUENTO) VALUES (10, 1000000010);
INSERT INTO USUARIO_DESCUENTO (ID_USUARIO, ID_DESCUENTO) VALUES (11, 1000000011);
INSERT INTO USUARIO_DESCUENTO (ID_USUARIO, ID_DESCUENTO) VALUES (12, 1000000012);
INSERT INTO USUARIO_DESCUENTO (ID_USUARIO, ID_DESCUENTO) VALUES (13, 1000000013);
INSERT INTO USUARIO_DESCUENTO (ID_USUARIO, ID_DESCUENTO) VALUES (14, 1000000014);
INSERT INTO USUARIO_DESCUENTO (ID_USUARIO, ID_DESCUENTO) VALUES (15, 1000000015);
INSERT INTO USUARIO_DESCUENTO (ID_USUARIO, ID_DESCUENTO) VALUES (16, 1000000016);
INSERT INTO USUARIO_DESCUENTO (ID_USUARIO, ID_DESCUENTO) VALUES (17, 1000000017);
INSERT INTO USUARIO_DESCUENTO (ID_USUARIO, ID_DESCUENTO) VALUES (18, 1000000018);
INSERT INTO USUARIO_DESCUENTO (ID_USUARIO, ID_DESCUENTO) VALUES (19, 1000000019);
INSERT INTO USUARIO_DESCUENTO (ID_USUARIO, ID_DESCUENTO) VALUES (20, 1000000020);

-- INSERTS PARA LA TABLA ESTATUS

INSERT INTO RECORRIDO.ESTATUS (NOMBRE_ESTATUS) VALUES ('S');
INSERT INTO RECORRIDO.ESTATUS (NOMBRE_ESTATUS) VALUES ('G');
INSERT INTO RECORRIDO.ESTATUS (NOMBRE_ESTATUS) VALUES ('C');
INSERT INTO RECORRIDO.ESTATUS (NOMBRE_ESTATUS) VALUES ('E');
INSERT INTO RECORRIDO.ESTATUS (NOMBRE_ESTATUS) VALUES ('B');
INSERT INTO RECORRIDO.ESTATUS (NOMBRE_ESTATUS) VALUES ('P');
INSERT INTO RECORRIDO.ESTATUS (NOMBRE_ESTATUS) VALUES ('A');
INSERT INTO RECORRIDO.ESTATUS (NOMBRE_ESTATUS) VALUES ('X');
INSERT INTO RECORRIDO.ESTATUS (NOMBRE_ESTATUS) VALUES ('T');
INSERT INTO RECORRIDO.ESTATUS (NOMBRE_ESTATUS) VALUES ('S');
INSERT INTO RECORRIDO.ESTATUS (NOMBRE_ESTATUS) VALUES ('G');
INSERT INTO RECORRIDO.ESTATUS (NOMBRE_ESTATUS) VALUES ('C');
INSERT INTO RECORRIDO.ESTATUS (NOMBRE_ESTATUS) VALUES ('E');
INSERT INTO RECORRIDO.ESTATUS (NOMBRE_ESTATUS) VALUES ('B');
INSERT INTO RECORRIDO.ESTATUS (NOMBRE_ESTATUS) VALUES ('P');
INSERT INTO RECORRIDO.ESTATUS (NOMBRE_ESTATUS) VALUES ('A');
INSERT INTO RECORRIDO.ESTATUS (NOMBRE_ESTATUS) VALUES ('X');
INSERT INTO RECORRIDO.ESTATUS (NOMBRE_ESTATUS) VALUES ('T');
INSERT INTO RECORRIDO.ESTATUS (NOMBRE_ESTATUS) VALUES ('S');
INSERT INTO RECORRIDO.ESTATUS (NOMBRE_ESTATUS) VALUES ('G');

-- INSERTS PARA LA TABLA VIAJE

INSERT INTO RECORRIDO.VIAJE (ID_FACTURA, ID_AUTO, CLAVE_ACTUAL, ID_USUARIO, FECHA_SOLICITUD, LATITUD_DESTINO, LONGITUD_DESTINO, LONGITUD_ORIGEN, LATITUD_ORIGEN, TIPO, TIPO_PAGO, TARJETA_CLIENTE) VALUES (1, 1, 1, 1, '2025-01-15 10:00:00', '19.4326', '-99.1332', '-99.1400', '19.4400', 'N', 'T', '1234567890123456');
INSERT INTO RECORRIDO.VIAJE (ID_FACTURA, ID_AUTO, CLAVE_ACTUAL, ID_USUARIO, FECHA_SOLICITUD, LATITUD_DESTINO, LONGITUD_DESTINO, LONGITUD_ORIGEN, LATITUD_ORIGEN, TIPO, TIPO_PAGO, TARJETA_CLIENTE) VALUES (2, 2, 2, 2, '2025-02-18 11:30:00', '19.4327', '-99.1333', '-99.1401', '19.4401', 'P', 'E', '2345678901234567');
INSERT INTO RECORRIDO.VIAJE (ID_FACTURA, ID_AUTO, CLAVE_ACTUAL, ID_USUARIO, FECHA_SOLICITUD, LATITUD_DESTINO, LONGITUD_DESTINO, LONGITUD_ORIGEN, LATITUD_ORIGEN, TIPO, TIPO_PAGO, TARJETA_CLIENTE) VALUES (3, 3, 3, 3, '2025-03-20 09:15:00', '19.4328', '-99.1334', '-99.1402', '19.4402', 'N', 'T', '3456789012345678');
INSERT INTO RECORRIDO.VIAJE (ID_FACTURA, ID_AUTO, CLAVE_ACTUAL, ID_USUARIO, FECHA_SOLICITUD, LATITUD_DESTINO, LONGITUD_DESTINO, LONGITUD_ORIGEN, LATITUD_ORIGEN, TIPO, TIPO_PAGO, TARJETA_CLIENTE) VALUES (4, 4, 4, 4, '2025-04-25 12:45:00', '19.4329', '-99.1335', '-99.1403', '19.4403', 'P', 'E', '4567890123456789');
INSERT INTO RECORRIDO.VIAJE (ID_FACTURA, ID_AUTO, CLAVE_ACTUAL, ID_USUARIO, FECHA_SOLICITUD, LATITUD_DESTINO, LONGITUD_DESTINO, LONGITUD_ORIGEN, LATITUD_ORIGEN, TIPO, TIPO_PAGO, TARJETA_CLIENTE) VALUES (5, 5, 5, 5, '2025-05-12 14:00:00', '19.4330', '-99.1336', '-99.1404', '19.4404', 'N', 'T', '5678901234567890');
INSERT INTO RECORRIDO.VIAJE (ID_FACTURA, ID_AUTO, CLAVE_ACTUAL, ID_USUARIO, FECHA_SOLICITUD, LATITUD_DESTINO, LONGITUD_DESTINO, LONGITUD_ORIGEN, LATITUD_ORIGEN, TIPO, TIPO_PAGO, TARJETA_CLIENTE) VALUES (6, 6, 6, 6, '2025-06-18 08:30:00', '19.4331', '-99.1337', '-99.1405', '19.4405', 'P', 'E', '6789012345678901');
INSERT INTO RECORRIDO.VIAJE (ID_FACTURA, ID_AUTO, CLAVE_ACTUAL, ID_USUARIO, FECHA_SOLICITUD, LATITUD_DESTINO, LONGITUD_DESTINO, LONGITUD_ORIGEN, LATITUD_ORIGEN, TIPO, TIPO_PAGO, TARJETA_CLIENTE) VALUES (7, 7, 7, 7, '2025-07-22 13:15:00', '19.4332', '-99.1338', '-99.1406', '19.4406', 'N', 'T', '7890123456789012');
INSERT INTO RECORRIDO.VIAJE (ID_FACTURA, ID_AUTO, CLAVE_ACTUAL, ID_USUARIO, FECHA_SOLICITUD, LATITUD_DESTINO, LONGITUD_DESTINO, LONGITUD_ORIGEN, LATITUD_ORIGEN, TIPO, TIPO_PAGO, TARJETA_CLIENTE) VALUES (8, 8, 8, 8, '2025-08-15 16:30:00', '19.4333', '-99.1339', '-99.1407', '19.4407', 'P', 'E', '8901234567890123');
INSERT INTO RECORRIDO.VIAJE (ID_FACTURA, ID_AUTO, CLAVE_ACTUAL, ID_USUARIO, FECHA_SOLICITUD, LATITUD_DESTINO, LONGITUD_DESTINO, LONGITUD_ORIGEN, LATITUD_ORIGEN, TIPO, TIPO_PAGO, TARJETA_CLIENTE) VALUES (9, 9, 9, 9, '2025-09-10 15:00:00', '19.4334', '-99.1340', '-99.1408', '19.4408', 'N', 'T', '9012345678901234');
INSERT INTO RECORRIDO.VIAJE (ID_FACTURA, ID_AUTO, CLAVE_ACTUAL, ID_USUARIO, FECHA_SOLICITUD, LATITUD_DESTINO, LONGITUD_DESTINO, LONGITUD_ORIGEN, LATITUD_ORIGEN, TIPO, TIPO_PAGO, TARJETA_CLIENTE) VALUES (10, 10, 10, 10, '2025-10-05 17:45:00', '19.4335', '-99.1341', '-99.1409', '19.4409', 'P', 'E', '0123456789012345');
INSERT INTO RECORRIDO.VIAJE (ID_FACTURA, ID_AUTO, CLAVE_ACTUAL, ID_USUARIO, FECHA_SOLICITUD, LATITUD_DESTINO, LONGITUD_DESTINO, LONGITUD_ORIGEN, LATITUD_ORIGEN, TIPO, TIPO_PAGO, TARJETA_CLIENTE) VALUES (11, 11, 11, 11, '2025-11-12 09:00:00', '19.4336', '-99.1342', '-99.1410', '19.4410', 'N', 'T', '1123456789012345');
INSERT INTO RECORRIDO.VIAJE (ID_FACTURA, ID_AUTO, CLAVE_ACTUAL, ID_USUARIO, FECHA_SOLICITUD, LATITUD_DESTINO, LONGITUD_DESTINO, LONGITUD_ORIGEN, LATITUD_ORIGEN, TIPO, TIPO_PAGO, TARJETA_CLIENTE) VALUES (12, 12, 12, 12, '2025-12-20 18:00:00', '19.4337', '-99.1343', '-99.1411', '19.4411', 'P', 'E', '2123456789012345');
INSERT INTO RECORRIDO.VIAJE (ID_FACTURA, ID_AUTO, CLAVE_ACTUAL, ID_USUARIO, FECHA_SOLICITUD, LATITUD_DESTINO, LONGITUD_DESTINO, LONGITUD_ORIGEN, LATITUD_ORIGEN, TIPO, TIPO_PAGO, TARJETA_CLIENTE) VALUES (13, 13, 13, 13, '2026-01-15 10:30:00', '19.4338', '-99.1344', '-99.1412', '19.4412', 'N', 'T', '3123456789012345');
INSERT INTO RECORRIDO.VIAJE (ID_FACTURA, ID_AUTO, CLAVE_ACTUAL, ID_USUARIO, FECHA_SOLICITUD, LATITUD_DESTINO, LONGITUD_DESTINO, LONGITUD_ORIGEN, LATITUD_ORIGEN, TIPO, TIPO_PAGO, TARJETA_CLIENTE) VALUES (14, 14, 14, 14, '2026-02-25 13:00:00', '19.4339', '-99.1345', '-99.1413', '19.4413', 'P', 'E', '4123456789012345');
INSERT INTO RECORRIDO.VIAJE (ID_FACTURA, ID_AUTO, CLAVE_ACTUAL, ID_USUARIO, FECHA_SOLICITUD, LATITUD_DESTINO, LONGITUD_DESTINO, LONGITUD_ORIGEN, LATITUD_ORIGEN, TIPO, TIPO_PAGO, TARJETA_CLIENTE) VALUES (15, 15, 15, 15, '2026-03-05 14:15:00', '19.4340', '-99.1346', '-99.1414', '19.4414', 'N', 'T', '5123456789012345');
INSERT INTO RECORRIDO.VIAJE (ID_FACTURA, ID_AUTO, CLAVE_ACTUAL, ID_USUARIO, FECHA_SOLICITUD, LATITUD_DESTINO, LONGITUD_DESTINO, LONGITUD_ORIGEN, LATITUD_ORIGEN, TIPO, TIPO_PAGO, TARJETA_CLIENTE) VALUES (16, 16, 16, 16, '2026-04-18 15:30:00', '19.4341', '-99.1347', '-99.1415', '19.4415', 'P', 'E', '6123456789012345');
INSERT INTO RECORRIDO.VIAJE (ID_FACTURA, ID_AUTO, CLAVE_ACTUAL, ID_USUARIO, FECHA_SOLICITUD, LATITUD_DESTINO, LONGITUD_DESTINO, LONGITUD_ORIGEN, LATITUD_ORIGEN, TIPO, TIPO_PAGO, TARJETA_CLIENTE) VALUES (17, 17, 17, 17, '2026-05-22 16:45:00', '19.4342', '-99.1348', '-99.1416', '19.4416', 'P', 'E', '7123456789012345');
INSERT INTO RECORRIDO.VIAJE (ID_FACTURA, ID_AUTO, CLAVE_ACTUAL, ID_USUARIO, FECHA_SOLICITUD, LATITUD_DESTINO, LONGITUD_DESTINO, LONGITUD_ORIGEN, LATITUD_ORIGEN, TIPO, TIPO_PAGO, TARJETA_CLIENTE) VALUES (18, 18, 18, 18, '2026-06-15 17:00:00', '19.4343', '-99.1349', '-99.1417', '19.4417', 'P', 'E', '8123456789012345');
INSERT INTO RECORRIDO.VIAJE (ID_FACTURA, ID_AUTO, CLAVE_ACTUAL, ID_USUARIO, FECHA_SOLICITUD, LATITUD_DESTINO, LONGITUD_DESTINO, LONGITUD_ORIGEN, LATITUD_ORIGEN, TIPO, TIPO_PAGO, TARJETA_CLIENTE) VALUES (19, 19, 19, 19, '2026-07-10 18:30:00', '19.4344', '-99.1350', '-99.1418', '19.4418', 'P', 'E', '9123456789012345');
INSERT INTO RECORRIDO.VIAJE (ID_FACTURA, ID_AUTO, CLAVE_ACTUAL, ID_USUARIO, FECHA_SOLICITUD, LATITUD_DESTINO, LONGITUD_DESTINO, LONGITUD_ORIGEN, LATITUD_ORIGEN, TIPO, TIPO_PAGO, TARJETA_CLIENTE) VALUES (20, 20, 20, 20, '2026-08-05 19:45:00', '19.4345', '-99.1351', '-99.1419', '19.4419', 'P', 'E', '1023456789012345');

-- INSERTS PARA LA TABLA BITACORA

INSERT INTO RECORRIDO.BITACORA (ID_VIAJE, LATITUD, LONGITUD) VALUES (1, '19.4326', '-99.1332');
INSERT INTO RECORRIDO.BITACORA (ID_VIAJE, LATITUD, LONGITUD) VALUES (2, '19.4327', '-99.1333');
INSERT INTO RECORRIDO.BITACORA (ID_VIAJE, LATITUD, LONGITUD) VALUES (3, '19.4328', '-99.1334');
INSERT INTO RECORRIDO.BITACORA (ID_VIAJE, LATITUD, LONGITUD) VALUES (4, '19.4329', '-99.1335');
INSERT INTO RECORRIDO.BITACORA (ID_VIAJE, LATITUD, LONGITUD) VALUES (5, '19.4330', '-99.1336');
INSERT INTO RECORRIDO.BITACORA (ID_VIAJE, LATITUD, LONGITUD) VALUES (6, '19.4331', '-99.1337');
INSERT INTO RECORRIDO.BITACORA (ID_VIAJE, LATITUD, LONGITUD) VALUES (7, '19.4332', '-99.1338');
INSERT INTO RECORRIDO.BITACORA (ID_VIAJE, LATITUD, LONGITUD) VALUES (8, '19.4333', '-99.1339');
INSERT INTO RECORRIDO.BITACORA (ID_VIAJE, LATITUD, LONGITUD) VALUES (9, '19.4334', '-99.1340');
INSERT INTO RECORRIDO.BITACORA (ID_VIAJE, LATITUD, LONGITUD) VALUES (10, '19.4335', '-99.1341');
INSERT INTO RECORRIDO.BITACORA (ID_VIAJE, LATITUD, LONGITUD) VALUES (11, '19.4336', '-99.1342');
INSERT INTO RECORRIDO.BITACORA (ID_VIAJE, LATITUD, LONGITUD) VALUES (12, '19.4337', '-99.1343');
INSERT INTO RECORRIDO.BITACORA (ID_VIAJE, LATITUD, LONGITUD) VALUES (13, '19.4338', '-99.1344');
INSERT INTO RECORRIDO.BITACORA (ID_VIAJE, LATITUD, LONGITUD) VALUES (14, '19.4339', '-99.1345');
INSERT INTO RECORRIDO.BITACORA (ID_VIAJE, LATITUD, LONGITUD) VALUES (15, '19.4340', '-99.1346');
INSERT INTO RECORRIDO.BITACORA (ID_VIAJE, LATITUD, LONGITUD) VALUES (16, '19.4341', '-99.1347');
INSERT INTO RECORRIDO.BITACORA (ID_VIAJE, LATITUD, LONGITUD) VALUES (17, '19.4342', '-99.1348');
INSERT INTO RECORRIDO.BITACORA (ID_VIAJE, LATITUD, LONGITUD) VALUES (18, '19.4343', '-99.1349');
INSERT INTO RECORRIDO.BITACORA (ID_VIAJE, LATITUD, LONGITUD) VALUES (19, '19.4344', '-99.1350');
INSERT INTO RECORRIDO.BITACORA (ID_VIAJE, LATITUD, LONGITUD) VALUES (20, '19.4345', '-99.1351');

-- INSERTS PARA LA TABLA ESTATUS_VIAJE

INSERT INTO RECORRIDO.ESTATUS_VIAJE (CLAVE_ESTATUS, ID_VIAJE, FECHA_ESTATUS) VALUES (1, 1, '2025-01-15 10:05:00');
INSERT INTO RECORRIDO.ESTATUS_VIAJE (CLAVE_ESTATUS, ID_VIAJE, FECHA_ESTATUS) VALUES (2, 2, '2025-02-18 11:35:00');
INSERT INTO RECORRIDO.ESTATUS_VIAJE (CLAVE_ESTATUS, ID_VIAJE, FECHA_ESTATUS) VALUES (3, 3, '2025-03-20 09:20:00');
INSERT INTO RECORRIDO.ESTATUS_VIAJE (CLAVE_ESTATUS, ID_VIAJE, FECHA_ESTATUS) VALUES (4, 4, '2025-04-25 12:50:00');
INSERT INTO RECORRIDO.ESTATUS_VIAJE (CLAVE_ESTATUS, ID_VIAJE, FECHA_ESTATUS) VALUES (5, 5, '2025-05-12 14:05:00');
INSERT INTO RECORRIDO.ESTATUS_VIAJE (CLAVE_ESTATUS, ID_VIAJE, FECHA_ESTATUS) VALUES (6, 6, '2025-06-18 08:35:00');
INSERT INTO RECORRIDO.ESTATUS_VIAJE (CLAVE_ESTATUS, ID_VIAJE, FECHA_ESTATUS) VALUES (7, 7, '2025-07-22 13:20:00');
INSERT INTO RECORRIDO.ESTATUS_VIAJE (CLAVE_ESTATUS, ID_VIAJE, FECHA_ESTATUS) VALUES (8, 8, '2025-08-15 16:35:00');
INSERT INTO RECORRIDO.ESTATUS_VIAJE (CLAVE_ESTATUS, ID_VIAJE, FECHA_ESTATUS) VALUES (9, 9, '2025-09-10 15:05:00');
INSERT INTO RECORRIDO.ESTATUS_VIAJE (CLAVE_ESTATUS, ID_VIAJE, FECHA_ESTATUS) VALUES (10, 10, '2025-10-05 17:50:00');
INSERT INTO RECORRIDO.ESTATUS_VIAJE (CLAVE_ESTATUS, ID_VIAJE, FECHA_ESTATUS) VALUES (11, 11, '2025-11-12 09:05:00');
INSERT INTO RECORRIDO.ESTATUS_VIAJE (CLAVE_ESTATUS, ID_VIAJE, FECHA_ESTATUS) VALUES (12, 12, '2025-12-20 18:05:00');
INSERT INTO RECORRIDO.ESTATUS_VIAJE (CLAVE_ESTATUS, ID_VIAJE, FECHA_ESTATUS) VALUES (13, 13, '2026-01-15 10:35:00');
INSERT INTO RECORRIDO.ESTATUS_VIAJE (CLAVE_ESTATUS, ID_VIAJE, FECHA_ESTATUS) VALUES (14, 14, '2026-02-25 13:05:00');
INSERT INTO RECORRIDO.ESTATUS_VIAJE (CLAVE_ESTATUS, ID_VIAJE, FECHA_ESTATUS) VALUES (15, 15, '2026-03-05 14:20:00');
INSERT INTO RECORRIDO.ESTATUS_VIAJE (CLAVE_ESTATUS, ID_VIAJE, FECHA_ESTATUS) VALUES (16, 16, '2026-04-18 15:35:00');
INSERT INTO RECORRIDO.ESTATUS_VIAJE (CLAVE_ESTATUS, ID_VIAJE, FECHA_ESTATUS) VALUES (17, 17, '2026-05-22 16:50:00');
INSERT INTO RECORRIDO.ESTATUS_VIAJE (CLAVE_ESTATUS, ID_VIAJE, FECHA_ESTATUS) VALUES (18, 18, '2026-06-15 17:05:00');
INSERT INTO RECORRIDO.ESTATUS_VIAJE (CLAVE_ESTATUS, ID_VIAJE, FECHA_ESTATUS) VALUES (19, 19, '2026-07-10 18:35:00');
INSERT INTO RECORRIDO.ESTATUS_VIAJE (CLAVE_ESTATUS, ID_VIAJE, FECHA_ESTATUS) VALUES (20, 20, '2026-08-05 19:50:00');

-- INSERTS PARA LA TABLA ACEPTADO

INSERT INTO RECORRIDO.ACEPTADO (ID_VIAJE, COMENTARIOS, PROPINA, CALIFICACION, HORA_INICIO_CURSO, ETIQUETA, IMPORTE, TIPO_PAGO) VALUES (1, 'Excelente servicio', 20, 5, '2025-01-15 10:10:00', 'VIP', 1200.50, 'T');
INSERT INTO RECORRIDO.ACEPTADO (ID_VIAJE, COMENTARIOS, PROPINA, CALIFICACION, HORA_INICIO_CURSO, ETIQUETA, IMPORTE, TIPO_PAGO) VALUES (2, 'Conductor puntual', 15, 4, '2025-02-18 11:40:00', 'Express', 2300.00, 'E');
INSERT INTO RECORRIDO.ACEPTADO (ID_VIAJE, COMENTARIOS, PROPINA, CALIFICACION, HORA_INICIO_CURSO, ETIQUETA, IMPORTE, TIPO_PAGO) VALUES (3, 'Vehículo limpio', 10, 4, '2025-03-20 09:25:00', 'Comfort', 3450.75, 'T');
INSERT INTO RECORRIDO.ACEPTADO (ID_VIAJE, COMENTARIOS, PROPINA, CALIFICACION, HORA_INICIO_CURSO, ETIQUETA, IMPORTE, TIPO_PAGO) VALUES (4, 'Conductor amable', 20, 5, '2025-04-25 12:55:00', 'VIP', 4560.30, 'E');
INSERT INTO RECORRIDO.ACEPTADO (ID_VIAJE, COMENTARIOS, PROPINA, CALIFICACION, HORA_INICIO_CURSO, ETIQUETA, IMPORTE, TIPO_PAGO) VALUES (5, 'Buen servicio', 15, 4, '2025-05-12 14:10:00', 'Express', 5670.80, 'T');
INSERT INTO RECORRIDO.ACEPTADO (ID_VIAJE, COMENTARIOS, PROPINA, CALIFICACION, HORA_INICIO_CURSO, ETIQUETA, IMPORTE, TIPO_PAGO) VALUES (6, 'Conductor profesional', 20, 5, '2025-06-18 08:40:00', 'Premium', 6780.40, 'E');
INSERT INTO RECORRIDO.ACEPTADO (ID_VIAJE, COMENTARIOS, PROPINA, CALIFICACION, HORA_INICIO_CURSO, ETIQUETA, IMPORTE, TIPO_PAGO) VALUES (7, 'Viaje cómodo', 10, 4, '2025-07-22 13:25:00', 'Comfort', 7890.90, 'T');
INSERT INTO RECORRIDO.ACEPTADO (ID_VIAJE, COMENTARIOS, PROPINA, CALIFICACION, HORA_INICIO_CURSO, ETIQUETA, IMPORTE, TIPO_PAGO) VALUES (8, 'Buen manejo', 20, 5, '2025-08-15 16:40:00', 'VIP', 8901.20, 'E');
INSERT INTO RECORRIDO.ACEPTADO (ID_VIAJE, COMENTARIOS, PROPINA, CALIFICACION, HORA_INICIO_CURSO, ETIQUETA, IMPORTE, TIPO_PAGO) VALUES (9, 'Conductor atento', 15, 4, '2025-09-10 15:10:00', 'Express', 9123.45, 'T');
INSERT INTO RECORRIDO.ACEPTADO (ID_VIAJE, COMENTARIOS, PROPINA, CALIFICACION, HORA_INICIO_CURSO, ETIQUETA, IMPORTE, TIPO_PAGO) VALUES (10, 'Excelente experiencia', 20, 5, '2025-10-05 17:55:00', 'VIP', 10234.60, 'E');
INSERT INTO RECORRIDO.ACEPTADO (ID_VIAJE, COMENTARIOS, PROPINA, CALIFICACION, HORA_INICIO_CURSO, ETIQUETA, IMPORTE, TIPO_PAGO) VALUES (11, 'Conductor profesional', 20, 5, '2025-11-12 09:10:00', 'Premium', 11000.75, 'T');
INSERT INTO RECORRIDO.ACEPTADO (ID_VIAJE, COMENTARIOS, PROPINA, CALIFICACION, HORA_INICIO_CURSO, ETIQUETA, IMPORTE, TIPO_PAGO) VALUES (12, 'Viaje sin inconvenientes', 15, 4, '2025-12-20 18:10:00', 'Comfort', 12050.90, 'E');
INSERT INTO RECORRIDO.ACEPTADO (ID_VIAJE, COMENTARIOS, PROPINA, CALIFICACION, HORA_INICIO_CURSO, ETIQUETA, IMPORTE, TIPO_PAGO) VALUES (13, 'Excelente manejo', 20, 5, '2026-01-15 10:40:00', 'VIP', 13000.10, 'T');
INSERT INTO RECORRIDO.ACEPTADO (ID_VIAJE, COMENTARIOS, PROPINA, CALIFICACION, HORA_INICIO_CURSO, ETIQUETA, IMPORTE, TIPO_PAGO) VALUES (14, 'Conductor puntual', 10, 4, '2026-02-25 13:10:00', 'Express', 14000.30, 'E');
INSERT INTO RECORRIDO.ACEPTADO (ID_VIAJE, COMENTARIOS, PROPINA, CALIFICACION, HORA_INICIO_CURSO, ETIQUETA, IMPORTE, TIPO_PAGO) VALUES (15, 'Buena atención', 15, 4, '2026-03-05 14:25:00', 'Comfort', 15000.50, 'T');
INSERT INTO RECORRIDO.ACEPTADO (ID_VIAJE, COMENTARIOS, PROPINA, CALIFICACION, HORA_INICIO_CURSO, ETIQUETA, IMPORTE, TIPO_PAGO) VALUES (16, 'Conductor amable', 20, 5, '2026-04-18 15:40:00', 'VIP', 16000.75, 'E');
INSERT INTO RECORRIDO.ACEPTADO (ID_VIAJE, COMENTARIOS, PROPINA, CALIFICACION, HORA_INICIO_CURSO, ETIQUETA, IMPORTE, TIPO_PAGO) VALUES (17, 'Excelente experiencia', 20, 5, '2026-05-22 16:55:00', 'VIP', 17000.80, 'T');
INSERT INTO RECORRIDO.ACEPTADO (ID_VIAJE, COMENTARIOS, PROPINA, CALIFICACION, HORA_INICIO_CURSO, ETIQUETA, IMPORTE, TIPO_PAGO) VALUES (18, 'Servicio premium', 15, 4, '2026-06-15 17:10:00', 'Premium', 18000.65, 'E');
INSERT INTO RECORRIDO.ACEPTADO (ID_VIAJE, COMENTARIOS, PROPINA, CALIFICACION, HORA_INICIO_CURSO, ETIQUETA, IMPORTE, TIPO_PAGO) VALUES (19, 'Conductor atento', 20, 5, '2026-07-10 18:40:00', 'VIP', 19000.40, 'T');
INSERT INTO RECORRIDO.ACEPTADO (ID_VIAJE, COMENTARIOS, PROPINA, CALIFICACION, HORA_INICIO_CURSO, ETIQUETA, IMPORTE, TIPO_PAGO) VALUES (20, 'Conductor respetuoso', 15, 4, '2026-08-05 19:55:00', 'Comfort', 20000.25, 'E');
